0.29673,1
0.313386,2
0.330054,3
0.346722,4
0.36339,5
0.380058,6
0.396726,7
0.413394,8
0.430062,9
0.44673,10
0.463398,11
0.480066,12
0.496734,13
0.513402,14
0.53007,15
0.546738,16
0.563406,17
0.580074,18
0.596742,19
0.61341,20
0.630078,21
0.646746,22
0.663414,23
0.680082,24
0.69675,25
0.713418,26
0.730086,27
0.746754,28
0.763422,29
0.78009,30
0.796758,31
0.813426,32
0.830094,33
0.846762,34
0.86343,35
0.880098,36
0.896766,37
0.913434,38
0.930102,39
0.94677,40
0.963438,41
0.980106,42
0.996774,43
1.013442,44
1.03011,45
1.046778,46
1.063446,47
1.080114,48
1.096782,49
1.11345,50
1.130118,51
1.146786,52
1.163454,53
1.180122,54
1.19679,55
1.213458,56
1.230126,57
1.246794,58
1.263462,59
1.28013,60
1.296798,61
1.313467,62
1.330135,63
1.346803,64
1.363471,65
1.380139,66
1.396807,67
1.413475,68
1.430142,69
1.446811,70
1.463479,71
1.480147,72
1.496814,73
1.513483,74
1.530151,75
1.546819,76
1.563487,77
1.580155,78
1.596823,79
1.613491,80
1.630159,81
1.646827,82
1.663495,83
1.680163,84
1.696831,85
1.713499,86
1.730167,87
1.746835,88
1.763503,89
1.780171,90
1.796839,91
1.813507,92
1.830175,93
1.846843,94
1.863511,95
1.880179,96
1.896847,97
1.913515,98
1.930183,99
1.946851,100
1.963519,101
1.980187,102
1.996855,103
2.013523,104
2.030191,105
2.046859,106
2.063527,107
2.080195,108
2.096863,109
2.113531,110
2.130199,111
2.146867,112
2.163535,113
2.180203,114
2.196871,115
2.213539,116
2.230207,117
2.246875,118
2.263543,119
2.280211,120
2.296879,121
2.313547,122
2.330215,123
2.346883,124
2.363551,125
2.380219,126
2.396887,127
2.413555,128
2.430223,129
2.446891,130
2.463559,131
2.480227,132
2.496895,133
2.513563,134
2.530231,135
2.546899,136
2.563568,137
2.580235,138
2.596903,139
2.613572,140
2.630239,141
2.646908,142
2.663575,143
2.680243,144
2.696912,145
2.71358,146
2.730248,147
2.746915,148
2.763584,149
2.780252,150
2.79692,151
2.813588,152
2.830256,153
2.846924,154
2.863592,155
2.88026,156
2.896928,157
2.913596,158
2.930264,159
2.946932,160
2.9636,161
2.980268,162
2.996936,163
3.013604,164
3.030272,165
3.04694,166
3.063608,167
3.080276,168
3.096944,169
3.113612,170
3.13028,171
3.146948,172
3.163616,173
3.180284,174
3.196952,175
3.21362,176
3.230288,177
3.246956,178
3.263624,179
3.280292,180
3.29696,181
3.313628,182
3.330296,183
3.346964,184
3.363632,185
3.3803,186
3.396968,187
3.413636,188
3.430304,189
3.446972,190
3.46364,191
3.480308,192
3.496976,193
3.513644,194
3.530312,195
3.54698,196
3.563648,197
3.580316,198
3.596984,199
3.613652,200
3.63032,201
3.646988,202
3.663656,203
3.680324,204
3.696992,205
3.71366,206
3.730328,207
3.746996,208
3.763664,209
3.780332,210
3.797,211
3.813668,212
3.830337,213
3.847005,214
3.863673,215
3.880341,216
3.897008,217
3.913677,218
3.930345,219
3.947013,220
3.963681,221
3.980349,222
3.997017,223
4.013685,224
4.030353,225
4.047021,226
4.063689,227
4.080357,228
4.097025,229
4.113693,230
4.130361,231
4.147029,232
4.163697,233
4.180365,234
4.197033,235
4.213701,236
4.230369,237
4.247037,238
4.263705,239
4.280373,240
4.297041,241
4.313709,242
4.330377,243
4.347045,244
4.363713,245
4.380381,246
4.397049,247
4.413717,248
4.430385,249
4.447053,250
4.463721,251
4.480389,252
4.497057,253
4.513725,254
4.530393,255
4.547061,256
4.563729,257
4.580397,258
4.597065,259
4.613733,260
4.630401,261
4.647069,262
4.663737,263
4.680405,264
4.697073,265
4.713741,266
4.730409,267
4.747077,268
4.763745,269
4.780413,270
4.797081,271
4.813749,272
4.830417,273
4.847085,274
4.863753,275
4.880421,276
4.897089,277
4.913757,278
4.930425,279
4.947093,280
4.963761,281
4.980429,282
4.997097,283
5.013765,284
5.030433,285
5.047102,286
5.06377,287
5.080438,288
5.097105,289
5.113773,290
5.130442,291
5.14711,292
5.163778,293
5.180446,294
5.197114,295
5.213782,296
5.23045,297
5.247118,298
5.263786,299
5.280454,300
5.297122,301
5.31379,302
5.330458,303
5.347126,304
5.363794,305
5.380462,306
5.39713,307
5.413798,308
5.430466,309
5.447134,310
5.463802,311
5.48047,312
5.497138,313
5.513806,314
5.530474,315
5.547142,316
5.56381,317
5.580478,318
5.597146,319
5.613814,320
5.630482,321
5.64715,322
5.663818,323
5.680486,324
5.697154,325
5.713822,326
5.73049,327
5.747158,328
5.763826,329
5.780494,330
5.797162,331
5.81383,332
5.830498,333
5.847166,334
5.863834,335
5.880502,336
5.89717,337
5.913838,338
5.930506,339
5.947174,340
5.963842,341
5.98051,342
5.997178,343
6.013846,344
6.030514,345
6.047182,346
6.06385,347
6.080518,348
6.097186,349
6.113854,350
6.130522,351
6.14719,352
6.163858,353
6.180526,354
6.197194,355
6.213862,356
6.23053,357
6.247198,358
6.263866,359
6.280534,360
6.297203,361
6.31387,362
6.330539,363
6.347207,364
6.363875,365
6.380542,366
6.397211,367
6.413879,368
6.430547,369
6.447215,370
6.463883,371
6.480551,372
6.497219,373
6.513887,374
6.530555,375
6.547223,376
6.563891,377
6.580559,378
6.597227,379
6.613895,380
6.630563,381
6.647231,382
6.663899,383
6.680567,384
6.697235,385
6.713903,386
6.730571,387
6.747239,388
6.763907,389
6.780575,390
6.797243,391
6.813911,392
6.830579,393
6.847247,394
6.863915,395
6.880583,396
6.897251,397
6.913919,398
6.930587,399
6.947255,400
6.963923,401
6.980591,402
6.997259,403
7.013927,404
7.030595,405
7.047263,406
7.063931,407
7.080599,408
7.097267,409
7.113935,410
7.130603,411
7.147271,412
7.163939,413
7.180607,414
7.197275,415
7.213943,416
7.230611,417
7.247279,418
7.263947,419
7.280615,420
7.297283,421
7.313951,422
7.330619,423
7.347287,424
7.363955,425
7.380623,426
7.397291,427
7.413959,428
7.430627,429
7.447295,430
7.463963,431
7.480631,432
7.497299,433
7.513968,434
7.530636,435
7.547304,436
7.563971,437
7.580639,438
7.597307,439
7.613975,440
7.630644,441
7.647311,442
7.66398,443
7.680648,444
7.697315,445
7.713984,446
7.730652,447
7.74732,448
7.763988,449
7.780656,450
7.797324,451
7.813992,452
7.83066,453
7.847328,454
7.863996,455
7.880664,456
7.897332,457
7.914,458
7.930668,459
7.947336,460
7.964004,461
7.980672,462
7.99734,463
8.014008,464
8.030676,465
8.047344,466
8.064012,467
8.08068,468
8.097348,469
8.114016,470
8.130684,471
8.147352,472
8.16402,473
8.180688,474
8.197356,475
8.214024,476
8.230692,477
8.24736,478
8.264028,479
8.280696,480
8.297364,481
8.314032,482
8.3307,483
8.347368,484
8.364036,485
8.380704,486
8.397372,487
8.41404,488
8.430708,489
8.447376,490
8.464044,491
8.480712,492
8.49738,493
8.514048,494
8.530716,495
8.547384,496
8.564052,497
8.58072,498
8.597388,499
8.614056,500
8.630724,501
8.647392,502
8.66406,503
8.680728,504
8.697396,505
8.714064,506
8.730733,507
8.747401,508
8.764069,509
8.780737,510
8.797405,511
8.814073,512
8.830741,513
8.847409,514
8.864077,515
8.880745,516
8.897412,517
8.914081,518
8.930749,519
8.947417,520
8.964085,521
8.980753,522
8.997421,523
9.014089,524
9.030757,525
9.047425,526
9.064093,527
9.080761,528
9.097429,529
9.114097,530
9.130765,531
9.147433,532
9.164101,533
9.180769,534
9.197437,535
9.214105,536
9.230773,537
9.247441,538
9.264109,539
9.280777,540
9.297445,541
9.314113,542
9.330781,543
9.347449,544
9.364117,545
9.380785,546
9.397453,547
9.414121,548
9.430789,549
9.447457,550
9.464125,551
9.480793,552
9.497461,553
9.514129,554
9.530797,555
9.547465,556
9.564133,557
9.580801,558
9.597469,559
9.614137,560
9.630805,561
9.647473,562
9.664141,563
9.680809,564
9.697477,565
9.714145,566
9.730813,567
9.747481,568
9.764149,569
9.780817,570
9.797485,571
9.814153,572
9.830821,573
9.847489,574
9.864157,575
9.880825,576
9.897493,577
9.914161,578
9.930829,579
9.947497,580
9.964166,581
9.980833,582
9.997501,583
10.01417,584
10.03084,585
10.04751,586
10.06417,587
10.08084,588
10.09751,589
10.11418,590
10.13085,591
10.14751,592
10.16418,593
10.18085,594
10.19752,595
10.21419,596
10.23085,597
10.24752,598
10.26419,599
10.28086,600
10.29753,601
10.31419,602
10.33086,603
10.34753,604
10.3642,605
10.38087,606
10.39753,607
10.4142,608
10.43087,609
10.44754,610
10.46421,611
10.48087,612
10.49754,613
10.51421,614
10.53088,615
10.54755,616
10.56421,617
10.58088,618
10.59755,619
10.61422,620
10.63089,621
10.64755,622
10.66422,623
10.68089,624
10.69756,625
10.71423,626
10.73089,627
10.74756,628
10.76423,629
10.7809,630
10.79757,631
10.81423,632
10.8309,633
10.84757,634
10.86424,635
10.88091,636
10.89757,637
10.91424,638
10.93091,639
10.94758,640
10.96425,641
10.98091,642
10.99758,643
11.01425,644
11.03092,645
11.04759,646
11.06425,647
11.08092,648
11.09759,649
11.11426,650
11.13093,651
11.14759,652
11.16426,653
11.18093,654
11.1976,655
11.21427,656
11.23093,657
11.2476,658
11.26427,659
11.28094,660
11.29761,661
11.31427,662
11.33094,663
11.34761,664
11.36428,665
11.38095,666
11.39761,667
11.41428,668
11.43095,669
11.44762,670
11.46429,671
11.48095,672
11.49762,673
11.51429,674
11.53096,675
11.54763,676
11.5643,677
11.58096,678
11.59763,679
11.6143,680
11.63097,681
11.64764,682
11.6643,683
11.68097,684
11.69764,685
11.71431,686
11.73097,687
11.74764,688
11.76431,689
11.78098,690
11.79765,691
11.81431,692
11.83098,693
11.84765,694
11.86432,695
11.88099,696
11.89766,697
11.91432,698
11.93099,699
11.94766,700
11.96433,701
11.981,702
11.99766,703
12.01433,704
12.031,705
12.04767,706
12.06433,707
12.081,708
12.09767,709
12.11434,710
12.13101,711
12.14768,712
12.16434,713
12.18101,714
12.19768,715
12.21435,716
12.23101,717
12.24768,718
12.26435,719
12.28102,720
12.29769,721
12.31436,722
12.33102,723
12.34769,724
12.36436,725
12.38103,726
12.39769,727
12.41436,728
12.43103,729
12.4477,730
12.46437,731
12.48104,732
12.4977,733
12.51437,734
12.53104,735
12.54771,736
12.56438,737
12.58104,738
12.59771,739
12.61438,740
12.63105,741
12.64772,742
12.66438,743
12.68105,744
12.69772,745
12.71439,746
12.73106,747
12.74772,748
12.76439,749
12.78106,750
12.79773,751
12.8144,752
12.83106,753
12.84773,754
12.8644,755
12.88107,756
12.89774,757
12.9144,758
12.93107,759
12.94774,760
12.96441,761
12.98108,762
12.99774,763
13.01441,764
13.03108,765
13.04775,766
13.06442,767
13.08108,768
13.09775,769
13.11442,770
13.13109,771
13.14776,772
13.16442,773
13.18109,774
13.19776,775
13.21443,776
13.2311,777
13.24776,778
13.26443,779
13.2811,780
13.29777,781
13.31444,782
13.3311,783
13.34777,784
13.36444,785
13.38111,786
13.39778,787
13.41444,788
13.43111,789
13.44778,790
13.46445,791
13.48112,792
13.49778,793
13.51445,794
13.53112,795
13.54779,796
13.56446,797
13.58112,798
13.59779,799
13.61446,800
13.63113,801
13.6478,802
13.66446,803
13.68113,804
13.6978,805
13.71447,806
13.73114,807
13.74781,808
13.76447,809
13.78114,810
13.79781,811
13.81448,812
13.83114,813
13.84781,814
13.86448,815
13.88115,816
13.89782,817
13.91448,818
13.93115,819
13.94782,820
13.96449,821
13.98116,822
13.99783,823
14.01449,824
14.03116,825
14.04783,826
14.0645,827
14.08116,828
14.09783,829
14.1145,830
14.13117,831
14.14784,832
14.16451,833
14.18117,834
14.19784,835
14.21451,836
14.23118,837
14.24784,838
14.26451,839
14.28118,840
14.29785,841
14.31452,842
14.33118,843
14.34785,844
14.36452,845
14.38119,846
14.39786,847
14.41453,848
14.43119,849
14.44786,850
14.46453,851
14.4812,852
14.49786,853
14.51453,854
14.5312,855
14.54787,856
14.56454,857
14.58121,858
14.59787,859
14.61454,860
14.63121,861
14.64788,862
14.66454,863
14.68121,864
14.69788,865
14.71455,866
14.73122,867
14.74788,868
14.76455,869
14.78122,870
14.79789,871
14.81456,872
14.83123,873
14.84789,874
14.86456,875
14.88123,876
14.8979,877
14.91456,878
14.93123,879
14.9479,880
14.96457,881
14.98124,882
14.99791,883
15.01457,884
15.03124,885
15.04791,886
15.06458,887
15.08124,888
15.09791,889
15.11458,890
15.13125,891
15.14792,892
15.16459,893
15.18125,894
15.19792,895
15.21459,896
15.23126,897
15.24793,898
15.26459,899
15.28126,900
15.29793,901
15.3146,902
15.33127,903
15.34793,904
15.3646,905
15.38127,906
15.39794,907
15.41461,908
15.43127,909
15.44794,910
15.46461,911
15.48128,912
15.49795,913
15.51461,914
15.53128,915
15.54795,916
15.56462,917
15.58129,918
15.59795,919
15.61462,920
15.63129,921
15.64796,922
15.66463,923
15.68129,924
15.69796,925
15.71463,926
15.7313,927
15.74797,928
15.76463,929
15.7813,930
15.79797,931
15.81464,932
15.83131,933
15.84797,934
15.86464,935
15.88131,936
15.89798,937
15.91465,938
15.93131,939
15.94798,940
15.96465,941
15.98132,942
15.99799,943
16.01465,944
16.03132,945
16.04799,946
16.06466,947
16.08133,948
16.09799,949
16.11466,950
16.13133,951
16.148,952
16.16467,953
16.18133,954
16.198,955
16.21467,956
16.23134,957
16.24801,958
16.26468,959
16.28134,960
16.29801,961
16.31468,962
16.33135,963
16.34801,964
16.36468,965
16.38135,966
16.39802,967
16.41469,968
16.43136,969
16.44802,970
16.46469,971
16.48136,972
16.49803,973
16.51469,974
16.53136,975
16.54803,976
16.5647,977
16.58137,978
16.59804,979
16.6147,980
16.63137,981
16.64804,982
16.66471,983
16.68138,984
16.69804,985
16.71471,986
16.73138,987
16.74805,988
16.76471,989
16.78138,990
16.79805,991
16.81472,992
16.83139,993
16.84806,994
16.86472,995
16.88139,996
16.89806,997
16.91473,998
16.93139,999
16.94806,1000
16.96473,1001
16.9814,1002
16.99807,1003
17.01474,1004
17.0314,1005
17.04807,1006
17.06474,1007
17.08141,1008
17.09807,1009
17.11474,1010
17.13141,1011
17.14808,1012
17.16475,1013
17.18141,1014
17.19808,1015
17.21475,1016
17.23142,1017
17.24809,1018
17.26476,1019
17.28142,1020
17.29809,1021
17.31476,1022
17.33143,1023
17.34809,1024
17.36476,1025
17.38143,1026
17.3981,1027
17.41477,1028
17.43144,1029
17.4481,1030
17.46477,1031
17.48144,1032
17.49811,1033
17.51477,1034
17.53144,1035
17.54811,1036
17.56478,1037
17.58145,1038
17.59812,1039
17.61478,1040
17.63145,1041
17.64812,1042
17.66479,1043
17.68146,1044
17.69812,1045
17.71479,1046
17.73146,1047
17.74813,1048
17.7648,1049
17.78146,1050
17.79813,1051
17.8148,1052
17.83147,1053
17.84814,1054
17.8648,1055
17.88147,1056
17.89814,1057
17.91481,1058
17.93148,1059
17.94814,1060
17.96481,1061
17.98148,1062
17.99815,1063
18.01482,1064
18.03148,1065
18.04815,1066
18.06482,1067
18.08149,1068
18.09816,1069
18.11482,1070
18.13149,1071
18.14816,1072
18.16483,1073
18.1815,1074
18.19816,1075
18.21483,1076
18.2315,1077
18.24817,1078
18.26484,1079
18.2815,1080
18.29817,1081
18.31484,1082
18.33151,1083
18.34818,1084
18.36484,1085
18.38151,1086
18.39818,1087
18.41485,1088
18.43152,1089
18.44818,1090
18.46485,1091
18.48152,1092
18.49819,1093
18.51486,1094
18.53152,1095
18.54819,1096
18.56486,1097
18.58153,1098
18.5982,1099
18.61486,1100
18.63153,1101
18.6482,1102
18.66487,1103
18.68154,1104
18.69821,1105
18.71487,1106
18.73154,1107
18.74821,1108
18.76488,1109
18.78154,1110
18.79821,1111
18.81488,1112
18.83155,1113
18.84822,1114
18.86489,1115
18.88155,1116
18.89822,1117
18.91489,1118
18.93156,1119
18.94822,1120
18.96489,1121
18.98156,1122
18.99823,1123
19.0149,1124
19.03156,1125
19.04823,1126
19.0649,1127
19.08157,1128
19.09824,1129
19.11491,1130
19.13157,1131
19.14824,1132
19.16491,1133
19.18158,1134
19.19824,1135
19.21491,1136
19.23158,1137
19.24825,1138
19.26492,1139
19.28159,1140
19.29825,1141
19.31492,1142
19.33159,1143
19.34826,1144
19.36492,1145
19.38159,1146
19.39826,1147
19.41493,1148
19.4316,1149
19.44826,1150
19.46493,1151
19.4816,1152
19.49827,1153
19.51494,1154
19.53161,1155
19.54827,1156
19.56494,1157
19.58161,1158
19.59828,1159
19.61494,1160
19.63161,1161
19.64828,1162
19.66495,1163
19.68162,1164
19.69829,1165
19.71495,1166
19.73162,1167
19.74829,1168
19.76496,1169
19.78162,1170
19.79829,1171
19.81496,1172
19.83163,1173
19.8483,1174
19.86497,1175
19.88163,1176
19.8983,1177
19.91497,1178
19.93164,1179
19.94831,1180
19.96497,1181
19.98164,1182
19.99831,1183
20.01498,1184
20.03165,1185
20.04831,1186
20.06498,1187
20.08165,1188
20.09832,1189
20.11499,1190
20.13165,1191
20.14832,1192
20.16499,1193
20.18166,1194
20.19833,1195
20.21499,1196
20.23166,1197
20.24833,1198
20.265,1199
20.28167,1200
20.29833,1201
20.315,1202
20.33167,1203
20.34834,1204
20.36501,1205
20.38167,1206
20.39834,1207
20.41501,1208
20.43168,1209
20.44835,1210
20.46501,1211
20.48168,1212
20.49835,1213
20.51502,1214
20.53169,1215
20.54835,1216
20.56502,1217
20.58169,1218
20.59836,1219
20.61503,1220
20.63169,1221
20.64836,1222
20.66503,1223
20.6817,1224
20.69837,1225
20.71503,1226
20.7317,1227
20.74837,1228
20.76504,1229
20.78171,1230
20.79837,1231
20.81504,1232
20.83171,1233
20.84838,1234
20.86505,1235
20.88171,1236
20.89838,1237
20.91505,1238
20.93172,1239
20.94839,1240
20.96505,1241
20.98172,1242
20.99839,1243
21.01506,1244
21.03173,1245
21.04839,1246
21.06506,1247
21.08173,1248
21.0984,1249
21.11507,1250
21.13174,1251
21.1484,1252
21.16507,1253
21.18174,1254
21.19841,1255
21.21507,1256
21.23174,1257
21.24841,1258
21.26508,1259
21.28175,1260
21.29842,1261
21.31508,1262
21.33175,1263
21.34842,1264
21.36509,1265
21.38175,1266
21.39842,1267
21.41509,1268
21.43176,1269
21.44843,1270
21.46509,1271
21.48176,1272
21.49843,1273
21.5151,1274
21.53177,1275
21.54844,1276
21.5651,1277
21.58177,1278
21.59844,1279
21.61511,1280
21.63177,1281
21.64844,1282
21.66511,1283
21.68178,1284
21.69845,1285
21.71512,1286
21.73178,1287
21.74845,1288
21.76512,1289
21.78179,1290
21.79845,1291
21.81512,1292
21.83179,1293
21.84846,1294
21.86513,1295
21.88179,1296
21.89846,1297
21.91513,1298
21.9318,1299
21.94847,1300
21.96514,1301
21.9818,1302
21.99847,1303
22.01514,1304
22.03181,1305
22.04847,1306
22.06514,1307
22.08181,1308
22.09848,1309
22.11515,1310
22.13182,1311
22.14848,1312
22.16515,1313
22.18182,1314
22.19849,1315
22.21515,1316
22.23182,1317
22.24849,1318
22.26516,1319
22.28183,1320
22.29849,1321
22.31516,1322
22.33183,1323
22.3485,1324
22.36517,1325
22.38184,1326
22.3985,1327
22.41517,1328
22.43184,1329
22.44851,1330
22.46518,1331
22.48184,1332
22.49851,1333
22.51518,1334
22.53185,1335
22.54852,1336
22.56518,1337
22.58185,1338
22.59852,1339
22.61519,1340
22.63186,1341
22.64852,1342
22.66519,1343
22.68186,1344
22.69853,1345
22.7152,1346
22.73186,1347
22.74853,1348
22.7652,1349
22.78187,1350
22.79854,1351
22.8152,1352
22.83187,1353
22.84854,1354
22.86521,1355
22.88188,1356
22.89854,1357
22.91521,1358
22.93188,1359
22.94855,1360
22.96522,1361
22.98188,1362
22.99855,1363
23.01522,1364
23.03189,1365
23.04856,1366
23.06522,1367
23.08189,1368
23.09856,1369
23.11523,1370
23.1319,1371
23.14856,1372
23.16523,1373
23.1819,1374
23.19857,1375
23.21524,1376
23.2319,1377
23.24857,1378
23.26524,1379
23.28191,1380
23.29858,1381
23.31524,1382
23.33191,1383
23.34858,1384
23.36525,1385
23.38192,1386
23.39858,1387
23.41525,1388
23.43192,1389
23.44859,1390
23.46526,1391
23.48192,1392
23.49859,1393
23.51526,1394
23.53193,1395
23.5486,1396
23.56526,1397
23.58193,1398
23.5986,1399
23.61527,1400
23.63194,1401
23.6486,1402
23.66527,1403
23.68194,1404
23.69861,1405
23.71528,1406
23.73194,1407
23.74861,1408
23.76528,1409
23.78195,1410
23.79862,1411
23.81529,1412
23.83195,1413
23.84862,1414
23.86529,1415
23.88196,1416
23.89862,1417
23.91529,1418
23.93196,1419
23.94863,1420
23.9653,1421
23.98197,1422
23.99863,1423
24.0153,1424
24.03197,1425
24.04864,1426
24.0653,1427
24.08197,1428
24.09864,1429
24.11531,1430
24.13198,1431
24.14865,1432
24.16531,1433
24.18198,1434
24.19865,1435
24.21532,1436
24.23199,1437
24.24865,1438
24.26532,1439
24.28199,1440
24.29866,1441
24.31532,1442
24.33199,1443
24.34866,1444
24.36533,1445
24.382,1446
24.39867,1447
24.41533,1448
24.432,1449
24.44867,1450
24.46534,1451
24.482,1452
24.49867,1453
24.51534,1454
24.53201,1455
24.54868,1456
24.56535,1457
24.58201,1458
24.59868,1459
24.61535,1460
24.63202,1461
24.64869,1462
24.66535,1463
24.68202,1464
24.69869,1465
24.71536,1466
24.73202,1467
24.74869,1468
24.76536,1469
24.78203,1470
24.7987,1471
24.81537,1472
24.83203,1473
24.8487,1474
24.86537,1475
24.88204,1476
24.8987,1477
24.91537,1478
24.93204,1479
24.94871,1480
24.96538,1481
24.98205,1482
24.99871,1483
25.01538,1484
25.03205,1485
25.04872,1486
25.06539,1487
25.08205,1488
25.09872,1489
25.11539,1490
25.13206,1491
25.14873,1492
25.16539,1493
25.18206,1494
25.19873,1495
25.2154,1496
25.23207,1497
25.24873,1498
25.2654,1499
25.28207,1500
25.29874,1501
25.31541,1502
25.33207,1503
25.34874,1504
25.36541,1505
25.38208,1506
25.39875,1507
25.41541,1508
25.43208,1509
25.44875,1510
25.46542,1511
25.48209,1512
25.49875,1513
25.51542,1514
25.53209,1515
25.54876,1516
25.56543,1517
25.58209,1518
25.59876,1519
25.61543,1520
25.6321,1521
25.64877,1522
25.66543,1523
25.6821,1524
25.69877,1525
25.71544,1526
25.73211,1527
25.74877,1528
25.76544,1529
25.78211,1530
25.79878,1531
25.81545,1532
25.83211,1533
25.84878,1534
25.86545,1535
25.88212,1536
25.89879,1537
25.91545,1538
25.93212,1539
25.94879,1540
25.96546,1541
25.98213,1542
25.99879,1543
26.01546,1544
26.03213,1545
26.0488,1546
26.06547,1547
26.08213,1548
26.0988,1549
26.11547,1550
26.13214,1551
26.14881,1552
26.16547,1553
26.18214,1554
26.19881,1555
26.21548,1556
26.23215,1557
26.24882,1558
26.26548,1559
26.28215,1560
26.29882,1561
26.31549,1562
26.33215,1563
26.34882,1564
26.36549,1565
26.38216,1566
26.39883,1567
26.4155,1568
26.43216,1569
26.44883,1570
26.4655,1571
26.48217,1572
26.49883,1573
26.5155,1574
26.53217,1575
26.54884,1576
26.56551,1577
26.58217,1578
26.59884,1579
26.61551,1580
26.63218,1581
26.64885,1582
26.66552,1583
26.68218,1584
26.69885,1585
26.71552,1586
26.73219,1587
26.74885,1588
26.76552,1589
26.78219,1590
26.79886,1591
26.81553,1592
26.8322,1593
26.84886,1594
26.86553,1595
26.8822,1596
26.89887,1597
26.91553,1598
26.9322,1599
26.94887,1600
26.96554,1601
26.98221,1602
26.99887,1603
27.01554,1604
27.03221,1605
27.04888,1606
27.06555,1607
27.08222,1608
27.09888,1609
27.11555,1610
27.13222,1611
27.14889,1612
27.16555,1613
27.18222,1614
27.19889,1615
27.21556,1616
27.23223,1617
27.2489,1618
27.26556,1619
27.28223,1620
27.2989,1621
27.31557,1622
27.33224,1623
27.3489,1624
27.36557,1625
27.38224,1626
27.39891,1627
27.41557,1628
27.43224,1629
27.44891,1630
27.46558,1631
27.48225,1632
27.49892,1633
27.51558,1634
27.53225,1635
27.54892,1636
27.56559,1637
27.58226,1638
27.59892,1639
27.61559,1640
27.63226,1641
27.64893,1642
27.6656,1643
27.68226,1644
27.69893,1645
27.7156,1646
27.73227,1647
27.74894,1648
27.7656,1649
27.78227,1650
27.79894,1651
27.81561,1652
27.83228,1653
27.84894,1654
27.86561,1655
27.88228,1656
27.89895,1657
27.91562,1658
27.93228,1659
27.94895,1660
27.96562,1661
27.98229,1662
27.99896,1663
28.01562,1664
28.03229,1665
28.04896,1666
28.06563,1667
28.0823,1668
28.09896,1669
28.11563,1670
28.1323,1671
28.14897,1672
28.16564,1673
28.1823,1674
28.19897,1675
28.21564,1676
28.23231,1677
28.24898,1678
28.26564,1679
28.28231,1680
28.29898,1681
28.31565,1682
28.33232,1683
28.34898,1684
28.36565,1685
28.38232,1686
28.39899,1687
28.41566,1688
28.43232,1689
28.44899,1690
28.46566,1691
28.48233,1692
28.499,1693
28.51566,1694
28.53233,1695
28.549,1696
28.56567,1697
28.58234,1698
28.599,1699
28.61567,1700
28.63234,1701
28.64901,1702
28.66568,1703
28.68234,1704
28.69901,1705
28.71568,1706
28.73235,1707
28.74902,1708
28.76568,1709
28.78235,1710
28.79902,1711
28.81569,1712
28.83236,1713
28.84903,1714
28.86569,1715
28.88236,1716
28.89903,1717
28.9157,1718
28.93237,1719
28.94903,1720
28.9657,1721
28.98237,1722
28.99904,1723
29.0157,1724
29.03237,1725
29.04904,1726
29.06571,1727
29.08238,1728
29.09905,1729
29.11571,1730
29.13238,1731
29.14905,1732
29.16572,1733
29.18238,1734
29.19905,1735
29.21572,1736
29.23239,1737
29.24906,1738
29.26573,1739
29.28239,1740
29.29906,1741
29.31573,1742
29.3324,1743
29.34906,1744
29.36573,1745
29.3824,1746
29.39907,1747
29.41574,1748
29.4324,1749
29.44907,1750
29.46574,1751
29.48241,1752
29.49908,1753
29.51575,1754
29.53241,1755
29.54908,1756
29.56575,1757
29.58242,1758
29.59908,1759
29.61575,1760
29.63242,1761
29.64909,1762
29.66576,1763
29.68243,1764
29.69909,1765
29.71576,1766
29.73243,1767
29.7491,1768
29.76576,1769
29.78243,1770
29.7991,1771
29.81577,1772
29.83244,1773
29.84911,1774
29.86577,1775
29.88244,1776
29.89911,1777
29.91578,1778
29.93245,1779
29.94911,1780
29.96578,1781
29.98245,1782
29.99912,1783
30.01579,1784
30.03245,1785
30.04912,1786
30.06579,1787
30.08246,1788
30.09913,1789
30.11579,1790
30.13246,1791
30.14913,1792
30.1658,1793
30.18247,1794
30.19913,1795
30.2158,1796
30.23247,1797
30.24914,1798
30.26581,1799
30.28247,1800
30.29914,1801
30.31581,1802
30.33248,1803
30.34915,1804
30.36581,1805
30.38248,1806
30.39915,1807
30.41582,1808
30.43249,1809
30.44915,1810
30.46582,1811
30.48249,1812
30.49916,1813
30.51583,1814
30.53249,1815
30.54916,1816
30.56583,1817
30.5825,1818
30.59917,1819
30.61583,1820
30.6325,1821
30.64917,1822
30.66584,1823
30.68251,1824
30.69917,1825
30.71584,1826
30.73251,1827
30.74918,1828
30.76585,1829
30.78251,1830
30.79918,1831
30.81585,1832
30.83252,1833
30.84919,1834
30.86585,1835
30.88252,1836
30.89919,1837
30.91586,1838
30.93253,1839
30.94919,1840
30.96586,1841
30.98253,1842
30.9992,1843
31.01587,1844
31.03253,1845
31.0492,1846
31.06587,1847
31.08254,1848
31.09921,1849
31.11588,1850
31.13254,1851
31.14921,1852
31.16588,1853
31.18255,1854
31.19921,1855
31.21588,1856
31.23255,1857
31.24922,1858
31.26589,1859
31.28255,1860
31.29922,1861
31.31589,1862
31.33256,1863
31.34923,1864
31.3659,1865
31.38256,1866
31.39923,1867
31.4159,1868
31.43257,1869
31.44923,1870
31.4659,1871
31.48257,1872
31.49924,1873
31.51591,1874
31.53258,1875
31.54924,1876
31.56591,1877
31.58258,1878
31.59925,1879
31.61591,1880
31.63258,1881
31.64925,1882
31.66592,1883
31.68259,1884
31.69925,1885
31.71592,1886
31.73259,1887
31.74926,1888
31.76593,1889
31.7826,1890
31.79926,1891
31.81593,1892
31.8326,1893
31.84927,1894
31.86593,1895
31.8826,1896
31.89927,1897
31.91594,1898
31.93261,1899
31.94928,1900
31.96594,1901
31.98261,1902
31.99928,1903
32.01595,1904
32.03261,1905
32.04928,1906
32.06595,1907
32.08262,1908
32.09929,1909
32.11596,1910
32.13262,1911
32.14929,1912
32.16596,1913
32.18263,1914
32.1993,1915
32.21596,1916
32.23263,1917
32.2493,1918
32.26597,1919
32.28264,1920
32.2993,1921
32.31597,1922
32.33264,1923
32.34931,1924
32.36598,1925
32.38264,1926
32.39931,1927
32.41598,1928
32.43265,1929
32.44932,1930
32.46598,1931
32.48265,1932
32.49932,1933
32.51599,1934
32.53266,1935
32.54932,1936
32.56599,1937
32.58266,1938
32.59933,1939
32.616,1940
32.63266,1941
32.64933,1942
32.666,1943
32.68267,1944
32.69934,1945
32.716,1946
32.73267,1947
32.74934,1948
32.76601,1949
32.78268,1950
32.79934,1951
32.81601,1952
32.83268,1953
32.84935,1954
32.86602,1955
32.88268,1956
32.89935,1957
32.91602,1958
32.93269,1959
32.94936,1960
32.96602,1961
32.98269,1962
32.99936,1963
33.01603,1964
33.0327,1965
33.04936,1966
33.06603,1967
33.0827,1968
33.09937,1969
33.11604,1970
33.1327,1971
33.14937,1972
33.16604,1973
33.18271,1974
33.19938,1975
33.21604,1976
33.23271,1977
33.24938,1978
33.26605,1979
33.28272,1980
33.29938,1981
33.31605,1982
33.33272,1983
33.34939,1984
33.36606,1985
33.38272,1986
33.39939,1987
33.41606,1988
33.43273,1989
33.4494,1990
33.46606,1991
33.48273,1992
33.4994,1993
33.51607,1994
33.53274,1995
33.5494,1996
33.56607,1997
33.58274,1998
33.59941,1999
33.61608,2000
33.63274,2001
33.64941,2002
33.66608,2003
33.68275,2004
33.69942,2005
33.71608,2006
33.73275,2007
33.74942,2008
33.76609,2009
33.78276,2010
33.79943,2011
33.81609,2012
33.83276,2013
33.84943,2014
33.8661,2015
33.88276,2016
33.89943,2017
33.9161,2018
33.93277,2019
33.94944,2020
33.96611,2021
33.98277,2022
33.99944,2023
34.01611,2024
34.03278,2025
34.04944,2026
34.06611,2027
34.08278,2028
34.09945,2029
34.11612,2030
34.13278,2031
34.14945,2032
34.16612,2033
34.18279,2034
34.19946,2035
34.21613,2036
34.23279,2037
34.24946,2038
34.26613,2039
34.2828,2040
34.29946,2041
34.31613,2042
34.3328,2043
34.34947,2044
34.36614,2045
34.38281,2046
34.39947,2047
34.41614,2048
34.43281,2049
34.44948,2050
34.46614,2051
34.48281,2052
34.49948,2053
34.51615,2054
34.53282,2055
34.54948,2056
34.56615,2057
34.58282,2058
34.59949,2059
34.61616,2060
34.63283,2061
34.64949,2062
34.66616,2063
34.68283,2064
34.6995,2065
34.71616,2066
34.73283,2067
34.7495,2068
34.76617,2069
34.78284,2070
34.79951,2071
34.81617,2072
34.83284,2073
34.84951,2074
34.86618,2075
34.88285,2076
34.89951,2077
34.91618,2078
34.93285,2079
34.94952,2080
34.96619,2081
34.98285,2082
34.99952,2083
35.01619,2084
35.03286,2085
35.04953,2086
35.06619,2087
35.08286,2088
35.09953,2089
35.1162,2090
35.13287,2091
35.14953,2092
35.1662,2093
35.18287,2094
35.19954,2095
35.21621,2096
35.23287,2097
35.24954,2098
35.26621,2099
35.28288,2100
35.29955,2101
35.31621,2102
35.33288,2103
35.34955,2104
35.36622,2105
35.38289,2106
35.39955,2107
35.41622,2108
35.43289,2109
35.44956,2110
35.46623,2111
35.48289,2112
35.49956,2113
35.51623,2114
35.5329,2115
35.54957,2116
35.56623,2117
35.5829,2118
35.59957,2119
35.61624,2120
35.63291,2121
35.64957,2122
35.66624,2123
35.68291,2124
35.69958,2125
35.71625,2126
35.73291,2127
35.74958,2128
35.76625,2129
35.78292,2130
35.79959,2131
35.81625,2132
35.83292,2133
35.84959,2134
35.86626,2135
35.88293,2136
35.89959,2137
35.91626,2138
35.93293,2139
35.9496,2140
35.96627,2141
35.98293,2142
35.9996,2143
36.01627,2144
36.03294,2145
36.04961,2146
36.06628,2147
36.08294,2148
36.09961,2149
36.11628,2150
36.13295,2151
36.14961,2152
36.16628,2153
36.18295,2154
36.19962,2155
36.21629,2156
36.23296,2157
36.24962,2158
36.26629,2159
36.28296,2160
36.29963,2161
36.31629,2162
36.33296,2163
36.34963,2164
36.3663,2165
36.38297,2166
36.39963,2167
36.4163,2168
36.43297,2169
36.44964,2170
36.46631,2171
36.48298,2172
36.49964,2173
36.51631,2174
36.53298,2175
36.54965,2176
36.56631,2177
36.58298,2178
36.59965,2179
36.61632,2180
36.63299,2181
36.64966,2182
36.66632,2183
36.68299,2184
36.69966,2185
36.71633,2186
36.73299,2187
36.74966,2188
36.76633,2189
36.783,2190
36.79967,2191
36.81634,2192
36.833,2193
36.84967,2194
36.86634,2195
36.88301,2196
36.89968,2197
36.91634,2198
36.93301,2199
36.94968,2200
36.96635,2201
36.98301,2202
36.99968,2203
37.01635,2204
37.03302,2205
37.04969,2206
37.06636,2207
37.08302,2208
37.09969,2209
37.11636,2210
37.13303,2211
37.14969,2212
37.16636,2213
37.18303,2214
37.1997,2215
37.21637,2216
37.23304,2217
37.2497,2218
37.26637,2219
37.28304,2220
37.29971,2221
37.31637,2222
37.33304,2223
37.34971,2224
37.36638,2225
37.38305,2226
37.39972,2227
37.41638,2228
37.43305,2229
37.44972,2230
37.46639,2231
37.48306,2232
37.49972,2233
37.51639,2234
37.53306,2235
37.54973,2236
37.5664,2237
37.58306,2238
37.59973,2239
37.6164,2240
37.63307,2241
37.64974,2242
37.6664,2243
37.68307,2244
37.69974,2245
37.71641,2246
37.73308,2247
37.74974,2248
37.76641,2249
37.78308,2250
37.79975,2251
37.81642,2252
37.83308,2253
37.84975,2254
37.86642,2255
37.88309,2256
37.89976,2257
37.91642,2258
37.93309,2259
37.94976,2260
37.96643,2261
37.9831,2262
37.99976,2263
38.01643,2264
38.0331,2265
38.04977,2266
38.06644,2267
38.0831,2268
38.09977,2269
38.11644,2270
38.13311,2271
38.14978,2272
38.16644,2273
38.18311,2274
38.19978,2275
38.21645,2276
38.23312,2277
38.24978,2278
38.26645,2279
38.28312,2280
38.29979,2281
38.31646,2282
38.33312,2283
38.34979,2284
38.36646,2285
38.38313,2286
38.3998,2287
38.41646,2288
38.43313,2289
38.4498,2290
38.46647,2291
38.48314,2292
38.49981,2293
38.51647,2294
38.53314,2295
38.54981,2296
38.56648,2297
38.58314,2298
38.59981,2299
38.61648,2300
38.63315,2301
38.64982,2302
38.66649,2303
38.68315,2304
38.69982,2305
38.71649,2306
38.73316,2307
38.74982,2308
38.76649,2309
38.78316,2310
38.79983,2311
38.8165,2312
38.83316,2313
38.84983,2314
38.8665,2315
38.88317,2316
38.89984,2317
38.91651,2318
38.93317,2319
38.94984,2320
38.96651,2321
38.98318,2322
38.99984,2323
39.01651,2324
39.03318,2325
39.04985,2326
39.06652,2327
39.08319,2328
39.09985,2329
39.11652,2330
39.13319,2331
39.14986,2332
39.16652,2333
39.18319,2334
39.19986,2335
39.21653,2336
39.2332,2337
39.24986,2338
39.26653,2339
39.2832,2340
39.29987,2341
39.31654,2342
39.33321,2343
39.34987,2344
39.36654,2345
39.38321,2346
39.39988,2347
39.41654,2348
39.43321,2349
39.44988,2350
39.46655,2351
39.48322,2352
39.49989,2353
39.51655,2354
39.53322,2355
39.54989,2356
39.56656,2357
39.58322,2358
39.59989,2359
39.61656,2360
39.63323,2361
39.6499,2362
39.66656,2363
39.68323,2364
39.6999,2365
39.71657,2366
39.73324,2367
39.74991,2368
39.76657,2369
39.78324,2370
39.79991,2371
39.81658,2372
39.83325,2373
39.84991,2374
39.86658,2375
39.88325,2376
39.89992,2377
39.91659,2378
39.93325,2379
39.94992,2380
39.96659,2381
39.98326,2382
39.99993,2383
40.01659,2384
40.03326,2385
40.04993,2386
40.0666,2387
40.08327,2388
40.09993,2389
40.1166,2390
40.13327,2391
40.14994,2392
40.16661,2393
40.18327,2394
40.19994,2395
40.21661,2396
40.23328,2397
40.24995,2398
40.26661,2399
40.28328,2400
40.29995,2401
40.31662,2402
40.33329,2403
40.34995,2404
40.36662,2405
40.38329,2406
40.39996,2407
40.41663,2408
40.43329,2409
40.44996,2410
40.46663,2411
40.4833,2412
40.49997,2413
40.51663,2414
40.5333,2415
40.54997,2416
40.56664,2417
40.58331,2418
40.59997,2419
40.61664,2420
40.63331,2421
40.64998,2422
40.66665,2423
40.68331,2424
40.69998,2425
40.71665,2426
40.73332,2427
40.74999,2428
40.76665,2429
40.78332,2430
40.79999,2431
40.81666,2432
40.83333,2433
40.84999,2434
40.86666,2435
40.88333,2436
40.9,2437
40.91667,2438
40.93334,2439
40.95,2440
40.96667,2441
40.98334,2442
41.00001,2443
41.01667,2444
41.03334,2445
41.05001,2446
41.06668,2447
41.08335,2448
41.10002,2449
41.11668,2450
41.13335,2451
41.15002,2452
41.16669,2453
41.18336,2454
41.20002,2455
41.21669,2456
41.23336,2457
41.25003,2458
41.26669,2459
41.28336,2460
41.30003,2461
41.3167,2462
41.33337,2463
41.35004,2464
41.3667,2465
41.38337,2466
41.40004,2467
41.41671,2468
41.43337,2469
41.45004,2470
41.46671,2471
41.48338,2472
41.50005,2473
41.51672,2474
41.53338,2475
41.55005,2476
41.56672,2477
41.58339,2478
41.60005,2479
41.61672,2480
41.63339,2481
41.65006,2482
41.66673,2483
41.68339,2484
41.70006,2485
41.71673,2486
41.7334,2487
41.75007,2488
41.76674,2489
41.7834,2490
41.80007,2491
41.81674,2492
41.83341,2493
41.85007,2494
41.86674,2495
41.88341,2496
41.90008,2497
41.91675,2498
41.93342,2499
41.95008,2500
41.96675,2501
41.98342,2502
42.00009,2503
42.01675,2504
42.03342,2505
42.05009,2506
42.06676,2507
42.08343,2508
42.10009,2509
42.11676,2510
42.13343,2511
42.1501,2512
42.16677,2513
42.18344,2514
42.2001,2515
42.21677,2516
42.23344,2517
42.25011,2518
42.26678,2519
42.28344,2520
42.30011,2521
42.31678,2522
42.33345,2523
42.35012,2524
42.36678,2525
42.38345,2526
42.40012,2527
42.41679,2528
42.43346,2529
42.45012,2530
42.46679,2531
42.48346,2532
42.50013,2533
42.5168,2534
42.53346,2535
42.55013,2536
42.5668,2537
42.58347,2538
42.60014,2539
42.6168,2540
42.63347,2541
42.65014,2542
42.66681,2543
42.68348,2544
42.70014,2545
42.71681,2546
42.73348,2547
42.75015,2548
42.76682,2549
42.78348,2550
42.80015,2551
42.81682,2552
42.83349,2553
42.85016,2554
42.86682,2555
42.88349,2556
42.90016,2557
42.91683,2558
42.9335,2559
42.95016,2560
42.96683,2561
42.9835,2562
43.00017,2563
43.01684,2564
43.0335,2565
43.05017,2566
43.06684,2567
43.08351,2568
43.10018,2569
43.11684,2570
43.13351,2571
43.15018,2572
43.16685,2573
43.18352,2574
43.20018,2575
43.21685,2576
43.23352,2577
43.25019,2578
43.26686,2579
43.28352,2580
43.30019,2581
43.31686,2582
43.33353,2583
43.3502,2584
43.36686,2585
43.38353,2586
43.4002,2587
43.41687,2588
43.43354,2589
43.4502,2590
43.46687,2591
43.48354,2592
43.50021,2593
43.51688,2594
43.53354,2595
43.55021,2596
43.56688,2597
43.58355,2598
43.60022,2599
43.61689,2600
43.63355,2601
43.65022,2602
43.66689,2603
43.68356,2604
43.70022,2605
43.71689,2606
43.73356,2607
43.75023,2608
43.7669,2609
43.78357,2610
43.80023,2611
43.8169,2612
43.83357,2613
43.85024,2614
43.8669,2615
43.88357,2616
43.90024,2617
43.91691,2618
43.93358,2619
43.95024,2620
43.96691,2621
43.98358,2622
44.00025,2623
44.01692,2624
44.03359,2625
44.05025,2626
44.06692,2627
44.08359,2628
44.10026,2629
44.11692,2630
44.13359,2631
44.15026,2632
44.16693,2633
44.1836,2634
44.20027,2635
44.21693,2636
44.2336,2637
44.25027,2638
44.26694,2639
44.2836,2640
44.30027,2641
44.31694,2642
44.33361,2643
44.35028,2644
44.36695,2645
44.38361,2646
44.40028,2647
44.41695,2648
44.43362,2649
44.45029,2650
44.46695,2651
44.48362,2652
44.50029,2653
44.51696,2654
44.53362,2655
44.55029,2656
44.56696,2657
44.58363,2658
44.6003,2659
44.61697,2660
44.63363,2661
44.6503,2662
44.66697,2663
44.68364,2664
44.7003,2665
44.71697,2666
44.73364,2667
44.75031,2668
44.76698,2669
44.78365,2670
44.80031,2671
44.81698,2672
44.83365,2673
44.85032,2674
44.86699,2675
44.88365,2676
44.90032,2677
44.91699,2678
44.93366,2679
44.95033,2680
44.96699,2681
44.98366,2682
45.00033,2683
45.017,2684
45.03367,2685
45.05033,2686
45.067,2687
45.08367,2688
45.10034,2689
45.11701,2690
45.13367,2691
45.15034,2692
45.16701,2693
45.18368,2694
45.20035,2695
45.21701,2696
45.23368,2697
45.25035,2698
45.26702,2699
45.28369,2700
45.30035,2701
45.31702,2702
45.33369,2703
45.35036,2704
45.36703,2705
45.38369,2706
45.40036,2707
45.41703,2708
45.4337,2709
45.45037,2710
45.46703,2711
45.4837,2712
45.50037,2713
45.51704,2714
45.53371,2715
45.55037,2716
45.56704,2717
45.58371,2718
45.60038,2719
45.61705,2720
45.63371,2721
45.65038,2722
45.66705,2723
45.68372,2724
45.70039,2725
45.71705,2726
45.73372,2727
45.75039,2728
45.76706,2729
45.78373,2730
45.80039,2731
45.81706,2732
45.83373,2733
45.8504,2734
45.86707,2735
45.88374,2736
45.9004,2737
45.91707,2738
45.93374,2739
45.95041,2740
45.96707,2741
45.98374,2742
46.00041,2743
46.01708,2744
46.03375,2745
46.05041,2746
46.06708,2747
46.08375,2748
46.10042,2749
46.11709,2750
46.13375,2751
46.15042,2752
46.16709,2753
46.18376,2754
46.20043,2755
46.2171,2756
46.23376,2757
46.25043,2758
46.2671,2759
46.28377,2760
46.30043,2761
46.3171,2762
46.33377,2763
46.35044,2764
46.36711,2765
46.38377,2766
46.40044,2767
46.41711,2768
46.43378,2769
46.45045,2770
46.46712,2771
46.48378,2772
46.50045,2773
46.51712,2774
46.53379,2775
46.55045,2776
46.56712,2777
46.58379,2778
46.60046,2779
46.61713,2780
46.6338,2781
46.65046,2782
46.66713,2783
46.6838,2784
46.70047,2785
46.71713,2786
46.7338,2787
46.75047,2788
46.76714,2789
46.78381,2790
46.80047,2791
46.81714,2792
46.83381,2793
46.85048,2794
46.86715,2795
46.88382,2796
46.90048,2797
46.91715,2798
46.93382,2799
46.95049,2800
46.96715,2801
46.98382,2802
47.00049,2803
47.01716,2804
47.03383,2805
47.0505,2806
47.06716,2807
47.08383,2808
47.1005,2809
47.11717,2810
47.13383,2811
47.1505,2812
47.16717,2813
47.18384,2814
47.20051,2815
47.21718,2816
47.23384,2817
47.25051,2818
47.26718,2819
47.28385,2820
47.30052,2821
47.31718,2822
47.33385,2823
47.35052,2824
47.36719,2825
47.38386,2826
47.40052,2827
47.41719,2828
47.43386,2829
47.45053,2830
47.4672,2831
47.48386,2832
47.50053,2833
47.5172,2834
47.53387,2835
47.55054,2836
47.5672,2837
47.58387,2838
47.60054,2839
47.61721,2840
47.63388,2841
47.65054,2842
47.66721,2843
47.68388,2844
47.70055,2845
47.71722,2846
47.73388,2847
47.75055,2848
47.76722,2849
47.78389,2850
47.80056,2851
47.81722,2852
47.83389,2853
47.85056,2854
47.86723,2855
47.8839,2856
47.90056,2857
47.91723,2858
47.9339,2859
47.95057,2860
47.96724,2861
47.9839,2862
48.00057,2863
48.01724,2864
48.03391,2865
48.05058,2866
48.06724,2867
48.08391,2868
48.10058,2869
48.11725,2870
48.13392,2871
48.15058,2872
48.16725,2873
48.18392,2874
48.20059,2875
48.21726,2876
48.23392,2877
48.25059,2878
48.26726,2879
48.28393,2880
48.3006,2881
48.31726,2882
48.33393,2883
48.3506,2884
48.36727,2885
48.38394,2886
48.4006,2887
48.41727,2888
48.43394,2889
48.45061,2890
48.46728,2891
48.48395,2892
48.50061,2893
48.51728,2894
48.53395,2895
48.55062,2896
48.56728,2897
48.58395,2898
48.60062,2899
48.61729,2900
48.63396,2901
48.65062,2902
48.66729,2903
48.68396,2904
48.70063,2905
48.7173,2906
48.73397,2907
48.75063,2908
48.7673,2909
48.78397,2910
48.80064,2911
48.8173,2912
48.83397,2913
48.85064,2914
48.86731,2915
48.88398,2916
48.90065,2917
48.91731,2918
48.93398,2919
48.95065,2920
48.96732,2921
48.98398,2922
49.00065,2923
49.01732,2924
49.03399,2925
49.05066,2926
49.06733,2927
49.08399,2928
49.10066,2929
49.11733,2930
49.134,2931
49.15067,2932
49.16733,2933
49.184,2934
49.20067,2935
49.21734,2936
49.234,2937
49.25067,2938
49.26734,2939
49.28401,2940
49.30068,2941
49.31735,2942
49.33401,2943
49.35068,2944
49.36735,2945
49.38402,2946
49.40068,2947
49.41735,2948
49.43402,2949
49.45069,2950
49.46736,2951
49.48403,2952
49.50069,2953
49.51736,2954
49.53403,2955
49.5507,2956
49.56736,2957
49.58403,2958
49.6007,2959
49.61737,2960
49.63404,2961
49.65071,2962
49.66737,2963
49.68404,2964
49.70071,2965
49.71738,2966
49.73405,2967
49.75071,2968
49.76738,2969
49.78405,2970
49.80072,2971
49.81739,2972
49.83405,2973
49.85072,2974
49.86739,2975
49.88406,2976
49.90073,2977
49.91739,2978
49.93406,2979
49.95073,2980
49.9674,2981
49.98407,2982
50.00073,2983
50.0174,2984
50.03407,2985
50.05074,2986
50.06741,2987
50.08407,2988
50.10074,2989
50.11741,2990
50.13408,2991
50.15075,2992
50.16741,2993
50.18408,2994
50.20075,2995
50.21742,2996
50.23409,2997
50.25075,2998
50.26742,2999
50.28409,3000
50.30076,3001
50.31743,3002
50.33409,3003
50.35076,3004
50.36743,3005
50.3841,3006
50.40077,3007
50.41743,3008
50.4341,3009
50.45077,3010
50.46744,3011
50.48411,3012
50.50077,3013
50.51744,3014
50.53411,3015
50.55078,3016
50.56745,3017
50.58411,3018
50.60078,3019
50.61745,3020
50.63412,3021
50.65079,3022
50.66745,3023
50.68412,3024
50.70079,3025
50.71746,3026
50.73413,3027
50.75079,3028
50.76746,3029
50.78413,3030
50.8008,3031
50.81747,3032
50.83413,3033
50.8508,3034
50.86747,3035
50.88414,3036
50.90081,3037
50.91748,3038
50.93414,3039
50.95081,3040
50.96748,3041
50.98415,3042
51.00081,3043
51.01748,3044
51.03415,3045
51.05082,3046
51.06749,3047
51.08415,3048
51.10082,3049
51.11749,3050
51.13416,3051
51.15083,3052
51.1675,3053
51.18416,3054
51.20083,3055
51.2175,3056
51.23417,3057
51.25083,3058
51.2675,3059
51.28417,3060
51.30084,3061
51.31751,3062
51.33418,3063
51.35084,3064
51.36751,3065
51.38418,3066
51.40085,3067
51.41751,3068
51.43418,3069
51.45085,3070
51.46752,3071
51.48419,3072
51.50085,3073
51.51752,3074
51.53419,3075
51.55086,3076
51.56753,3077
51.5842,3078
51.60086,3079
51.61753,3080
51.6342,3081
51.65087,3082
51.66753,3083
51.6842,3084
51.70087,3085
51.71754,3086
51.73421,3087
51.75088,3088
51.76754,3089
51.78421,3090
51.80088,3091
51.81755,3092
51.83421,3093
51.85088,3094
51.86755,3095
51.88422,3096
51.90089,3097
51.91755,3098
51.93422,3099
51.95089,3100
51.96756,3101
51.98423,3102
52.0009,3103
52.01756,3104
52.03423,3105
52.0509,3106
52.06757,3107
52.08424,3108
52.1009,3109
52.11757,3110
52.13424,3111
52.15091,3112
52.16758,3113
52.18424,3114
52.20091,3115
52.21758,3116
52.23425,3117
52.25092,3118
52.26758,3119
52.28425,3120
52.30092,3121
52.31759,3122
52.33426,3123
52.35092,3124
52.36759,3125
52.38426,3126
52.40093,3127
52.4176,3128
52.43426,3129
52.45093,3130
52.4676,3131
52.48427,3132
52.50094,3133
52.5176,3134
52.53427,3135
52.55094,3136
52.56761,3137
52.58428,3138
52.60094,3139
52.61761,3140
52.63428,3141
52.65095,3142
52.66762,3143
52.68428,3144
52.70095,3145
52.71762,3146
52.73429,3147
52.75096,3148
52.76762,3149
52.78429,3150
52.80096,3151
52.81763,3152
52.8343,3153
52.85096,3154
52.86763,3155
52.8843,3156
52.90097,3157
52.91764,3158
52.9343,3159
52.95097,3160
52.96764,3161
52.98431,3162
53.00098,3163
53.01764,3164
53.03431,3165
53.05098,3166
53.06765,3167
53.08432,3168
53.10098,3169
53.11765,3170
53.13432,3171
53.15099,3172
53.16766,3173
53.18432,3174
53.20099,3175
53.21766,3176
53.23433,3177
53.251,3178
53.26766,3179
53.28433,3180
53.301,3181
53.31767,3182
53.33434,3183
53.35101,3184
53.36767,3185
53.38434,3186
53.40101,3187
53.41768,3188
53.43435,3189
53.45101,3190
53.46768,3191
53.48435,3192
53.50102,3193
53.51768,3194
53.53435,3195
53.55102,3196
53.56769,3197
53.58436,3198
53.60103,3199
53.61769,3200
53.63436,3201
53.65103,3202
53.6677,3203
53.68436,3204
53.70103,3205
53.7177,3206
53.73437,3207
53.75104,3208
53.76771,3209
53.78437,3210
53.80104,3211
53.81771,3212
53.83438,3213
53.85104,3214
53.86771,3215
53.88438,3216
53.90105,3217
53.91772,3218
53.93438,3219
53.95105,3220
53.96772,3221
53.98439,3222
54.00106,3223
54.01773,3224
54.03439,3225
54.05106,3226
54.06773,3227
54.0844,3228
54.10106,3229
54.11773,3230
54.1344,3231
54.15107,3232
54.16774,3233
54.18441,3234
54.20107,3235
54.21774,3236
54.23441,3237
54.25108,3238
54.26774,3239
54.28441,3240
54.30108,3241
54.31775,3242
54.33442,3243
54.35108,3244
54.36775,3245
54.38442,3246
54.40109,3247
54.41776,3248
54.43443,3249
54.45109,3250
54.46776,3251
54.48443,3252
54.5011,3253
54.51776,3254
54.53443,3255
54.5511,3256
54.56777,3257
54.58444,3258
54.60111,3259
54.61777,3260
54.63444,3261
54.65111,3262
54.66778,3263
54.68444,3264
54.70111,3265
54.71778,3266
54.73445,3267
54.75112,3268
54.76779,3269
54.78445,3270
54.80112,3271
54.81779,3272
54.83446,3273
54.85113,3274
54.86779,3275
54.88446,3276
54.90113,3277
54.9178,3278
54.93447,3279
54.95113,3280
54.9678,3281
54.98447,3282
55.00114,3283
55.01781,3284
55.03447,3285
55.05114,3286
55.06781,3287
55.08448,3288
55.10115,3289
55.11781,3290
55.13448,3291
55.15115,3292
55.16782,3293
55.18449,3294
55.20115,3295
55.21782,3296
55.23449,3297
55.25116,3298
55.26783,3299
55.28449,3300
55.30116,3301
55.31783,3302
55.3345,3303
55.35117,3304
55.36783,3305
55.3845,3306
55.40117,3307
55.41784,3308
55.43451,3309
55.45117,3310
55.46784,3311
55.48451,3312
55.50118,3313
55.51785,3314
55.53451,3315
55.55118,3316
55.56785,3317
55.58452,3318
55.60119,3319
55.61785,3320
55.63452,3321
55.65119,3322
55.66786,3323
55.68453,3324
55.70119,3325
55.71786,3326
55.73453,3327
55.7512,3328
55.76787,3329
55.78453,3330
55.8012,3331
55.81787,3332
55.83454,3333
55.85121,3334
55.86788,3335
55.88454,3336
55.90121,3337
55.91788,3338
55.93455,3339
55.95121,3340
55.96788,3341
55.98455,3342
56.00122,3343
56.01789,3344
56.03456,3345
56.05122,3346
56.06789,3347
56.08456,3348
56.10123,3349
56.11789,3350
56.13456,3351
56.15123,3352
56.1679,3353
56.18457,3354
56.20123,3355
56.2179,3356
56.23456,3357
56.25121,3358
56.26787,3359
56.28452,3360
56.30118,3361
56.31783,3362
56.33449,3363
56.35114,3364
56.3678,3365
56.38446,3366
56.40111,3367
56.41777,3368
56.43442,3369
56.45108,3370
56.46773,3371
56.48439,3372
56.50104,3373
56.5177,3374
56.53435,3375
56.55101,3376
56.56766,3377
56.58432,3378
56.60097,3379
56.61763,3380
56.63428,3381
56.65094,3382
56.66759,3383
56.68425,3384
56.7009,3385
56.71756,3386
56.73421,3387
56.75088,3388
56.76755,3389
56.78422,3390
56.80089,3391
56.81755,3392
56.83422,3393
56.85089,3394
56.86756,3395
56.88423,3396
56.90089,3397
56.91756,3398
56.93423,3399
56.9509,3400
56.96757,3401
56.98423,3402
57.0009,3403
57.01757,3404
57.03424,3405
57.05091,3406
57.06757,3407
57.08424,3408
57.10091,3409
57.11758,3410
57.13425,3411
57.15091,3412
57.16758,3413
57.18425,3414
57.20092,3415
57.21759,3416
57.23425,3417
57.25092,3418
57.26759,3419
57.28426,3420
57.30093,3421
57.31759,3422
57.33426,3423
57.35093,3424
57.3676,3425
57.38427,3426
57.40093,3427
57.4176,3428
57.43427,3429
57.45094,3430
57.46761,3431
57.48427,3432
57.50094,3433
57.51761,3434
57.53428,3435
57.55095,3436
57.56761,3437
57.58428,3438
57.60095,3439
57.61762,3440
57.63429,3441
57.65095,3442
57.66762,3443
57.68429,3444
57.70096,3445
57.71763,3446
57.7343,3447
57.75096,3448
57.76763,3449
57.7843,3450
57.80097,3451
57.81763,3452
57.8343,3453
57.85097,3454
57.86764,3455
57.88431,3456
57.90097,3457
57.91764,3458
57.93431,3459
57.95098,3460
57.96765,3461
57.98432,3462
58.00098,3463
58.01765,3464
58.03432,3465
58.05099,3466
58.06765,3467
58.08432,3468
58.10099,3469
58.11766,3470
58.13433,3471
58.151,3472
58.16766,3473
58.18433,3474
58.201,3475
58.21767,3476
58.23433,3477
58.251,3478
58.26767,3479
58.28434,3480
58.30101,3481
58.31767,3482
58.33434,3483
58.35101,3484
58.36768,3485
58.38435,3486
58.40102,3487
58.41768,3488
58.43435,3489
58.45102,3490
58.46769,3491
58.48435,3492
58.50102,3493
58.51769,3494
58.53436,3495
58.55103,3496
58.5677,3497
58.58436,3498
58.60103,3499
58.6177,3500
58.63437,3501
58.65103,3502
58.6677,3503
58.68437,3504
58.70104,3505
58.71771,3506
58.73437,3507
58.75104,3508
58.76771,3509
58.78438,3510
58.80105,3511
58.81772,3512
58.83438,3513
58.85105,3514
58.86772,3515
58.88439,3516
58.90106,3517
58.91772,3518
58.93439,3519
58.95106,3520
58.96773,3521
58.9844,3522
59.00106,3523
59.01773,3524
59.0344,3525
59.05107,3526
59.06774,3527
59.0844,3528
59.10107,3529
59.11774,3530
59.13441,3531
59.15108,3532
59.16774,3533
59.18441,3534
59.20108,3535
59.21775,3536
59.23442,3537
59.25108,3538
59.26775,3539
59.28442,3540
59.30109,3541
59.31776,3542
59.33442,3543
59.35109,3544
59.36776,3545
59.38443,3546
59.4011,3547
59.41776,3548
59.43443,3549
59.4511,3550
59.46777,3551
59.48444,3552
59.5011,3553
59.51777,3554
59.53444,3555
59.55111,3556
59.56778,3557
59.58444,3558
59.60111,3559
59.61778,3560
59.63445,3561
59.65112,3562
59.66778,3563
59.68445,3564
59.70112,3565
59.71779,3566
59.73446,3567
59.75112,3568
59.76779,3569
59.78446,3570
59.80113,3571
59.8178,3572
59.83446,3573
59.85113,3574
59.8678,3575
59.88447,3576
59.90114,3577
59.9178,3578
59.93447,3579
59.95114,3580
59.96781,3581
59.98448,3582
60.00114,3583
60.01781,3584
60.03448,3585
60.05115,3586
60.06782,3587
60.08448,3588
60.10115,3589
60.11782,3590
60.13449,3591
60.15116,3592
60.16782,3593
60.18449,3594
60.20116,3595
60.21783,3596
60.2345,3597
60.25117,3598
60.26783,3599
60.2845,3600
60.30117,3601
60.31784,3602
60.3345,3603
60.35117,3604
60.36784,3605
60.38451,3606
60.40118,3607
60.41785,3608
60.43451,3609
60.45118,3610
60.46785,3611
60.48452,3612
60.50118,3613
60.51785,3614
60.53452,3615
60.55119,3616
60.56786,3617
60.58453,3618
60.60119,3619
60.61786,3620
60.63453,3621
60.6512,3622
60.66787,3623
60.68453,3624
60.7012,3625
60.71787,3626
60.73454,3627
60.7512,3628
60.76787,3629
60.78454,3630
60.80121,3631
60.81788,3632
60.83455,3633
60.85121,3634
60.86788,3635
60.88455,3636
60.90122,3637
60.91788,3638
60.93455,3639
60.95122,3640
60.96789,3641
60.98456,3642
61.00123,3643
61.01789,3644
61.03456,3645
61.05123,3646
61.0679,3647
61.08456,3648
61.10123,3649
61.1179,3650
61.13457,3651
61.15124,3652
61.1679,3653
61.18457,3654
61.20124,3655
61.21791,3656
61.23458,3657
61.25125,3658
61.26791,3659
61.28458,3660
61.30125,3661
61.31792,3662
61.33459,3663
61.35125,3664
61.36792,3665
61.38459,3666
61.40126,3667
61.41793,3668
61.43459,3669
61.45126,3670
61.46793,3671
61.4846,3672
61.50127,3673
61.51793,3674
61.5346,3675
61.55127,3676
61.56794,3677
61.58461,3678
61.60127,3679
61.61794,3680
61.63461,3681
61.65128,3682
61.66795,3683
61.68461,3684
61.70128,3685
61.71795,3686
61.73462,3687
61.75129,3688
61.76795,3689
61.78462,3690
61.80129,3691
61.81796,3692
61.83463,3693
61.85129,3694
61.86796,3695
61.88463,3696
61.9013,3697
61.91797,3698
61.93463,3699
61.9513,3700
61.96797,3701
61.98464,3702
62.00131,3703
62.01797,3704
62.03464,3705
62.05131,3706
62.06798,3707
62.08465,3708
62.10131,3709
62.11798,3710
62.13465,3711
62.15132,3712
62.16799,3713
62.18465,3714
62.20132,3715
62.21799,3716
62.23466,3717
62.25133,3718
62.26799,3719
62.28466,3720
62.30133,3721
62.318,3722
62.33467,3723
62.35133,3724
62.368,3725
62.38467,3726
62.40134,3727
62.41801,3728
62.43467,3729
62.45134,3730
62.46801,3731
62.48468,3732
62.50135,3733
62.51801,3734
62.53468,3735
62.55135,3736
62.56802,3737
62.58469,3738
62.60135,3739
62.61802,3740
62.63469,3741
62.65136,3742
62.66803,3743
62.6847,3744
62.70136,3745
62.71803,3746
62.7347,3747
62.75137,3748
62.76803,3749
62.7847,3750
62.80137,3751
62.81804,3752
62.83471,3753
62.85138,3754
62.86804,3755
62.88471,3756
62.90138,3757
62.91805,3758
62.93471,3759
62.95138,3760
62.96805,3761
62.98472,3762
63.00139,3763
63.01805,3764
63.03472,3765
63.05139,3766
63.06806,3767
63.08473,3768
63.1014,3769
63.11806,3770
63.13473,3771
63.1514,3772
63.16807,3773
63.18473,3774
63.2014,3775
63.21807,3776
63.23474,3777
63.25141,3778
63.26808,3779
63.28474,3780
63.30141,3781
63.31808,3782
63.33475,3783
63.35141,3784
63.36808,3785
63.38475,3786
63.40142,3787
63.41809,3788
63.43475,3789
63.45142,3790
63.46809,3791
63.48476,3792
63.50143,3793
63.5181,3794
63.53476,3795
63.55143,3796
63.5681,3797
63.58477,3798
63.60143,3799
63.6181,3800
63.63477,3801
63.65144,3802
63.66811,3803
63.68478,3804
63.70144,3805
63.71811,3806
63.73478,3807
63.75145,3808
63.76812,3809
63.78478,3810
63.80145,3811
63.81812,3812
63.83479,3813
63.85146,3814
63.86812,3815
63.88479,3816
63.90146,3817
63.91813,3818
63.9348,3819
63.95146,3820
63.96813,3821
63.9848,3822
64.00147,3823
64.01814,3824
64.0348,3825
64.05147,3826
64.06814,3827
64.08481,3828
64.10148,3829
64.11814,3830
64.13481,3831
64.15148,3832
64.16815,3833
64.18482,3834
64.20148,3835
64.21815,3836
64.23482,3837
64.25149,3838
64.26816,3839
64.28482,3840
64.30149,3841
64.31816,3842
64.33483,3843
64.3515,3844
64.36816,3845
64.38483,3846
64.4015,3847
64.41817,3848
64.43484,3849
64.4515,3850
64.46817,3851
64.48484,3852
64.50151,3853
64.51818,3854
64.53484,3855
64.55151,3856
64.56818,3857
64.58485,3858
64.60152,3859
64.61818,3860
64.63485,3861
64.65152,3862
64.66819,3863
64.68486,3864
64.70152,3865
64.71819,3866
64.73486,3867
64.75153,3868
64.7682,3869
64.78486,3870
64.80153,3871
64.8182,3872
64.83487,3873
64.85154,3874
64.8682,3875
64.88487,3876
64.90154,3877
64.91821,3878
64.93488,3879
64.95154,3880
64.96821,3881
64.98488,3882
65.00155,3883
65.01822,3884
65.03488,3885
65.05155,3886
65.06822,3887
65.08489,3888
65.10156,3889
65.11823,3890
65.13489,3891
65.15156,3892
65.16823,3893
65.1849,3894
65.20156,3895
65.21823,3896
65.2349,3897
65.25157,3898
65.26824,3899
65.28491,3900
65.30157,3901
65.31824,3902
65.33491,3903
65.35158,3904
65.36825,3905
65.38491,3906
65.40158,3907
65.41825,3908
65.43492,3909
65.45158,3910
65.46825,3911
65.48492,3912
65.50159,3913
65.51826,3914
65.53493,3915
65.55159,3916
65.56826,3917
65.58493,3918
65.6016,3919
65.61826,3920
65.63493,3921
65.6516,3922
65.66827,3923
65.68494,3924
65.70161,3925
65.71827,3926
65.73494,3927
65.75161,3928
65.76828,3929
65.78494,3930
65.80161,3931
65.81828,3932
65.83495,3933
65.85162,3934
65.86828,3935
65.88495,3936
65.90162,3937
65.91829,3938
65.93496,3939
65.95163,3940
65.96829,3941
65.98496,3942
66.00163,3943
66.0183,3944
66.03496,3945
66.05163,3946
66.0683,3947
66.08497,3948
66.10164,3949
66.11831,3950
66.13497,3951
66.15164,3952
66.16831,3953
66.18498,3954
66.20164,3955
66.21831,3956
66.23498,3957
66.25165,3958
66.26832,3959
66.28498,3960
66.30165,3961
66.31832,3962
66.33499,3963
66.35166,3964
66.36833,3965
66.38499,3966
66.40166,3967
66.41833,3968
66.435,3969
66.45167,3970
66.46833,3971
66.485,3972
66.50167,3973
66.51834,3974
66.53501,3975
66.55167,3976
66.56834,3977
66.58501,3978
66.60168,3979
66.61835,3980
66.63501,3981
66.65168,3982
66.66835,3983
66.68502,3984
66.70169,3985
66.71835,3986
66.73502,3987
66.75169,3988
66.76836,3989
66.78503,3990
66.80169,3991
66.81836,3992
66.83503,3993
66.8517,3994
66.86837,3995
66.88503,3996
66.9017,3997
66.91837,3998
66.93504,3999
66.95171,4000
66.96837,4001
66.98504,4002
67.00171,4003
67.01838,4004
67.03505,4005
67.05171,4006
67.06838,4007
67.08505,4008
67.10172,4009
67.11839,4010
67.13505,4011
67.15172,4012
67.16839,4013
67.18506,4014
67.20173,4015
67.21839,4016
67.23506,4017
67.25173,4018
67.2684,4019
67.28507,4020
67.30173,4021
67.3184,4022
67.33507,4023
67.35174,4024
67.36841,4025
67.38507,4026
67.40174,4027
67.41841,4028
67.43508,4029
67.45175,4030
67.46841,4031
67.48508,4032
67.50175,4033
67.51842,4034
67.53509,4035
67.55175,4036
67.56842,4037
67.58509,4038
67.60176,4039
67.61843,4040
67.63509,4041
67.65176,4042
67.66843,4043
67.6851,4044
67.70177,4045
67.71843,4046
67.7351,4047
67.75177,4048
67.76844,4049
67.78511,4050
67.80178,4051
67.81844,4052
67.83511,4053
67.85178,4054
67.86845,4055
67.88511,4056
67.90178,4057
67.91845,4058
67.93512,4059
67.95179,4060
67.96846,4061
67.98512,4062
68.00179,4063
68.01846,4064
68.03513,4065
68.05179,4066
68.06846,4067
68.08513,4068
68.1018,4069
68.11847,4070
68.13513,4071
68.1518,4072
68.16847,4073
68.18514,4074
68.20181,4075
68.21848,4076
68.23514,4077
68.25181,4078
68.26848,4079
68.28515,4080
68.30181,4081
68.31848,4082
68.33515,4083
68.35182,4084
68.36849,4085
68.38516,4086
68.40182,4087
68.41849,4088
68.43516,4089
68.45183,4090
68.46849,4091
68.48516,4092
68.50183,4093
68.5185,4094
68.53517,4095
68.55184,4096
68.5685,4097
68.58517,4098
68.60184,4099
68.61851,4100
68.63518,4101
68.65184,4102
68.66851,4103
68.68518,4104
68.70185,4105
68.71851,4106
68.73518,4107
68.75185,4108
68.76852,4109
68.78519,4110
68.80186,4111
68.81852,4112
68.83519,4113
68.85186,4114
68.86853,4115
68.88519,4116
68.90186,4117
68.91853,4118
68.9352,4119
68.95187,4120
68.96854,4121
68.9852,4122
69.00187,4123
69.01854,4124
69.03521,4125
69.05188,4126
69.06854,4127
69.08521,4128
69.10188,4129
69.11855,4130
69.13522,4131
69.15188,4132
69.16855,4133
69.18522,4134
69.20189,4135
69.21856,4136
69.23522,4137
69.25189,4138
69.26856,4139
69.28523,4140
69.3019,4141
69.31856,4142
69.33523,4143
69.3519,4144
69.36857,4145
69.38524,4146
69.4019,4147
69.41857,4148
69.43524,4149
69.45191,4150
69.46858,4151
69.48524,4152
69.50191,4153
69.51858,4154
69.53525,4155
69.55192,4156
69.56858,4157
69.58525,4158
69.60192,4159
69.61859,4160
69.63526,4161
69.65192,4162
69.66859,4163
69.68526,4164
69.70193,4165
69.7186,4166
69.73526,4167
69.75193,4168
69.7686,4169
69.78527,4170
69.80194,4171
69.8186,4172
69.83527,4173
69.85194,4174
69.86861,4175
69.88528,4176
69.90194,4177
69.91861,4178
69.93528,4179
69.95195,4180
69.96862,4181
69.98529,4182
70.00195,4183
70.01862,4184
70.03529,4185
70.05196,4186
70.06862,4187
70.08529,4188
70.10196,4189
70.11863,4190
70.1353,4191
70.15196,4192
70.16863,4193
70.1853,4194
70.20197,4195
70.21864,4196
70.23531,4197
70.25197,4198
70.26864,4199
70.28531,4200
70.30198,4201
70.31864,4202
70.33531,4203
70.35198,4204
70.36865,4205
70.38532,4206
70.40199,4207
70.41865,4208
70.43532,4209
70.45199,4210
70.46866,4211
70.48532,4212
70.50199,4213
70.51866,4214
70.53533,4215
70.552,4216
70.56866,4217
70.58533,4218
70.602,4219
70.61867,4220
70.63534,4221
70.65201,4222
70.66867,4223
70.68534,4224
70.70201,4225
70.71868,4226
70.73534,4227
70.75201,4228
70.76868,4229
70.78535,4230
70.80202,4231
70.81869,4232
70.83535,4233
70.85202,4234
70.86869,4235
70.88536,4236
70.90202,4237
70.91869,4238
70.93536,4239
70.95203,4240
70.9687,4241
70.98536,4242
71.00203,4243
71.0187,4244
71.03537,4245
71.05204,4246
71.06871,4247
71.08537,4248
71.10204,4249
71.11871,4250
71.13538,4251
71.15204,4252
71.16871,4253
71.18538,4254
71.20205,4255
71.21872,4256
71.23539,4257
71.25205,4258
71.26872,4259
71.28539,4260
71.30206,4261
71.31873,4262
71.33539,4263
71.35206,4264
71.36873,4265
71.3854,4266
71.40207,4267
71.41873,4268
71.4354,4269
71.45207,4270
71.46874,4271
71.48541,4272
71.50207,4273
71.51874,4274
71.53541,4275
71.55208,4276
71.56875,4277
71.58541,4278
71.60208,4279
71.61875,4280
71.63542,4281
71.65209,4282
71.66875,4283
71.68542,4284
71.70209,4285
71.71876,4286
71.73543,4287
71.75209,4288
71.76876,4289
71.78543,4290
71.8021,4291
71.81877,4292
71.83543,4293
71.8521,4294
71.86877,4295
71.88544,4296
71.90211,4297
71.91877,4298
71.93544,4299
71.95211,4300
71.96878,4301
71.98545,4302
72.00211,4303
72.01878,4304
72.03545,4305
72.05212,4306
72.06879,4307
72.08545,4308
72.10212,4309
72.11879,4310
72.13546,4311
72.15213,4312
72.16879,4313
72.18546,4314
72.20213,4315
72.2188,4316
72.23547,4317
72.25213,4318
72.2688,4319
72.28547,4320
72.30214,4321
72.31881,4322
72.33547,4323
72.35214,4324
72.36881,4325
72.38548,4326
72.40215,4327
72.41881,4328
72.43548,4329
72.45215,4330
72.46882,4331
72.48549,4332
72.50216,4333
72.51882,4334
72.53549,4335
72.55216,4336
72.56883,4337
72.58549,4338
72.60216,4339
72.61883,4340
72.6355,4341
72.65217,4342
72.66884,4343
72.6855,4344
72.70217,4345
72.71884,4346
72.73551,4347
72.75217,4348
72.76884,4349
72.78551,4350
72.80218,4351
72.81885,4352
72.83552,4353
72.85218,4354
72.86885,4355
72.88552,4356
72.90219,4357
72.91886,4358
72.93552,4359
72.95219,4360
72.96886,4361
72.98553,4362
73.00219,4363
73.01886,4364
73.03553,4365
73.0522,4366
73.06887,4367
73.08554,4368
73.1022,4369
73.11887,4370
73.13554,4371
73.15221,4372
73.16887,4373
73.18554,4374
73.20221,4375
73.21888,4376
73.23555,4377
73.25222,4378
73.26888,4379
73.28555,4380
73.30222,4381
73.31889,4382
73.33555,4383
73.35222,4384
73.36889,4385
73.38556,4386
73.40223,4387
73.41889,4388
73.43556,4389
73.45223,4390
73.4689,4391
73.48557,4392
73.50224,4393
73.5189,4394
73.53557,4395
73.55224,4396
73.56891,4397
73.58557,4398
73.60224,4399
73.61891,4400
73.63558,4401
73.65225,4402
73.66892,4403
73.68558,4404
73.70225,4405
73.71892,4406
73.73559,4407
73.75226,4408
73.76892,4409
73.78559,4410
73.80226,4411
73.81893,4412
73.8356,4413
73.85226,4414
73.86893,4415
73.8856,4416
73.90227,4417
73.91894,4418
73.9356,4419
73.95227,4420
73.96894,4421
73.98561,4422
74.00228,4423
74.01894,4424
74.03561,4425
74.05228,4426
74.06895,4427
74.08562,4428
74.10228,4429
74.11895,4430
74.13562,4431
74.15229,4432
74.16896,4433
74.18562,4434
74.20229,4435
74.21896,4436
74.23563,4437
74.2523,4438
74.26896,4439
74.28563,4440
74.3023,4441
74.31897,4442
74.33564,4443
74.3523,4444
74.36897,4445
74.38564,4446
74.40231,4447
74.41898,4448
74.43564,4449
74.45231,4450
74.46898,4451
74.48565,4452
74.50232,4453
74.51898,4454
74.53565,4455
74.55232,4456
74.56899,4457
74.58566,4458
74.60232,4459
74.61899,4460
74.63566,4461
74.65233,4462
74.669,4463
74.68566,4464
74.70233,4465
74.719,4466
74.73567,4467
74.75234,4468
74.769,4469
74.78567,4470
74.80234,4471
74.81901,4472
74.83568,4473
74.85234,4474
74.86901,4475
74.88568,4476
74.90235,4477
74.91902,4478
74.93569,4479
74.95235,4480
74.96902,4481
74.98569,4482
75.00236,4483
75.01902,4484
75.03569,4485
75.05236,4486
75.06903,4487
75.0857,4488
75.10237,4489
75.11903,4490
75.1357,4491
75.15237,4492
75.16904,4493
75.1857,4494
75.20237,4495
75.21904,4496
75.23571,4497
75.25238,4498
75.26904,4499
75.28571,4500
75.30238,4501
75.31905,4502
75.33572,4503
75.35239,4504
75.36905,4505
75.38572,4506
75.40239,4507
75.41906,4508
75.43572,4509
75.45239,4510
75.46906,4511
75.48573,4512
75.5024,4513
75.51907,4514
75.53573,4515
75.5524,4516
75.56907,4517
75.58574,4518
75.6024,4519
75.61907,4520
75.63574,4521
75.65241,4522
75.66908,4523
75.68574,4524
75.70241,4525
75.71908,4526
75.73575,4527
75.75242,4528
75.76909,4529
75.78575,4530
75.80242,4531
75.81909,4532
75.83576,4533
75.85242,4534
75.86909,4535
75.88576,4536
75.90243,4537
75.9191,4538
75.93577,4539
75.95243,4540
75.9691,4541
75.98577,4542
76.00244,4543
76.0191,4544
76.03577,4545
76.05244,4546
76.06911,4547
76.08578,4548
76.10244,4549
76.11911,4550
76.13578,4551
76.15245,4552
76.16912,4553
76.18579,4554
76.20245,4555
76.21912,4556
76.23579,4557
76.25246,4558
76.26913,4559
76.28579,4560
76.30246,4561
76.31913,4562
76.3358,4563
76.35247,4564
76.36913,4565
76.3858,4566
76.40247,4567
76.41914,4568
76.43581,4569
76.45247,4570
76.46914,4571
76.48581,4572
76.50248,4573
76.51915,4574
76.53581,4575
76.55248,4576
76.56915,4577
76.58582,4578
76.60249,4579
76.61915,4580
76.63582,4581
76.65249,4582
76.66916,4583
76.68583,4584
76.70249,4585
76.71916,4586
76.73583,4587
76.7525,4588
76.76917,4589
76.78583,4590
76.8025,4591
76.81917,4592
76.83584,4593
76.85251,4594
76.86917,4595
76.88584,4596
76.90251,4597
76.91918,4598
76.93585,4599
76.95251,4600
76.96918,4601
76.98585,4602
77.00252,4603
77.01919,4604
77.03585,4605
77.05252,4606
77.06919,4607
77.08586,4608
77.10253,4609
77.11919,4610
77.13586,4611
77.15253,4612
77.1692,4613
77.18587,4614
77.20253,4615
77.2192,4616
77.23587,4617
77.25254,4618
77.26921,4619
77.28587,4620
77.30254,4621
77.31921,4622
77.33588,4623
77.35255,4624
77.36921,4625
77.38588,4626
77.40255,4627
77.41922,4628
77.43589,4629
77.45255,4630
77.46922,4631
77.48589,4632
77.50256,4633
77.51923,4634
77.53589,4635
77.55256,4636
77.56923,4637
77.5859,4638
77.60257,4639
77.61924,4640
77.6359,4641
77.65257,4642
77.66924,4643
77.68591,4644
77.70257,4645
77.71924,4646
77.73591,4647
77.75258,4648
77.76925,4649
77.78592,4650
77.80258,4651
77.81925,4652
77.83592,4653
77.85259,4654
77.86925,4655
77.88592,4656
77.90259,4657
77.91926,4658
77.93593,4659
77.9526,4660
77.96926,4661
77.98593,4662
78.0026,4663
78.01927,4664
78.03593,4665
78.0526,4666
78.06927,4667
78.08594,4668
78.10261,4669
78.11927,4670
78.13594,4671
78.15261,4672
78.16928,4673
78.18595,4674
78.20262,4675
78.21928,4676
78.23595,4677
78.25262,4678
78.26929,4679
78.28595,4680
78.30262,4681
78.31929,4682
78.33596,4683
78.35263,4684
78.3693,4685
78.38596,4686
78.40263,4687
78.4193,4688
78.43597,4689
78.45263,4690
78.4693,4691
78.48597,4692
78.50264,4693
78.51931,4694
78.53597,4695
78.55264,4696
78.56931,4697
78.58598,4698
78.60265,4699
78.61932,4700
78.63598,4701
78.65265,4702
78.66932,4703
78.68599,4704
78.70266,4705
78.71932,4706
78.73599,4707
78.75266,4708
78.76933,4709
78.786,4710
78.80266,4711
78.81933,4712
78.836,4713
78.85267,4714
78.86934,4715
78.886,4716
78.90267,4717
78.91934,4718
78.93601,4719
78.95268,4720
78.96934,4721
78.98601,4722
79.00268,4723
79.01935,4724
79.03602,4725
79.05268,4726
79.06935,4727
79.08602,4728
79.10269,4729
79.11936,4730
79.13602,4731
79.15269,4732
79.16936,4733
79.18603,4734
79.2027,4735
79.21936,4736
79.23603,4737
79.2527,4738
79.26937,4739
79.28604,4740
79.3027,4741
79.31937,4742
79.33604,4743
79.35271,4744
79.36938,4745
79.38604,4746
79.40271,4747
79.41938,4748
79.43605,4749
79.45272,4750
79.46938,4751
79.48605,4752
79.50272,4753
79.51939,4754
79.53606,4755
79.55272,4756
79.56939,4757
79.58606,4758
79.60273,4759
79.6194,4760
79.63606,4761
79.65273,4762
79.6694,4763
79.68607,4764
79.70274,4765
79.7194,4766
79.73607,4767
79.75274,4768
79.76941,4769
79.78608,4770
79.80274,4771
79.81941,4772
79.83608,4773
79.85275,4774
79.86942,4775
79.88608,4776
79.90275,4777
79.91942,4778
79.93609,4779
79.95276,4780
79.96942,4781
79.98609,4782
80.00276,4783
80.01943,4784
80.0361,4785
80.05277,4786
80.06943,4787
80.0861,4788
80.10277,4789
80.11944,4790
80.1361,4791
80.15277,4792
80.16944,4793
80.18611,4794
80.20278,4795
80.21945,4796
80.23611,4797
80.25278,4798
80.26945,4799
80.28612,4800
80.30278,4801
80.31945,4802
80.33612,4803
80.35279,4804
80.36946,4805
80.38612,4806
80.40279,4807
80.41946,4808
80.43613,4809
80.4528,4810
80.46947,4811
80.48613,4812
80.5028,4813
80.51947,4814
80.53614,4815
80.5528,4816
80.56947,4817
80.58614,4818
80.60281,4819
80.61948,4820
80.63615,4821
80.65281,4822
80.66948,4823
80.68615,4824
80.70282,4825
80.71948,4826
80.73615,4827
80.75282,4828
80.76949,4829
80.78616,4830
80.80283,4831
80.81949,4832
80.83616,4833
80.85283,4834
80.8695,4835
80.88617,4836
80.90283,4837
80.9195,4838
80.93617,4839
80.95284,4840
80.9695,4841
80.98617,4842
81.00284,4843
81.01951,4844
81.03618,4845
81.05285,4846
81.06951,4847
81.08618,4848
81.10285,4849
81.11952,4850
81.13618,4851
81.15285,4852
81.16952,4853
81.18619,4854
81.20286,4855
81.21953,4856
81.23619,4857
81.25286,4858
81.26953,4859
81.2862,4860
81.30287,4861
81.31953,4862
81.3362,4863
81.35287,4864
81.36954,4865
81.38621,4866
81.40287,4867
81.41954,4868
81.43621,4869
81.45288,4870
81.46955,4871
81.48621,4872
81.50288,4873
81.51955,4874
81.53622,4875
81.55289,4876
81.56955,4877
81.58622,4878
81.60289,4879
81.61956,4880
81.63623,4881
81.65289,4882
81.66956,4883
81.68623,4884
81.7029,4885
81.71957,4886
81.73623,4887
81.7529,4888
81.76957,4889
81.78624,4890
81.80291,4891
81.81957,4892
81.83624,4893
81.85291,4894
81.86958,4895
81.88625,4896
81.90291,4897
81.91958,4898
81.93625,4899
81.95292,4900
81.96959,4901
81.98625,4902
82.00292,4903
82.01959,4904
82.03626,4905
82.05293,4906
82.06959,4907
82.08626,4908
82.10293,4909
82.1196,4910
82.13627,4911
82.15293,4912
82.1696,4913
82.18627,4914
82.20294,4915
82.21961,4916
82.23627,4917
82.25294,4918
82.26961,4919
82.28628,4920
82.30295,4921
82.31961,4922
82.33628,4923
82.35295,4924
82.36962,4925
82.38629,4926
82.40295,4927
82.41962,4928
82.43629,4929
82.45296,4930
82.46963,4931
82.48629,4932
82.50296,4933
82.51963,4934
82.5363,4935
82.55297,4936
82.56963,4937
82.5863,4938
82.60297,4939
82.61964,4940
82.63631,4941
82.65298,4942
82.66964,4943
82.68631,4944
82.70298,4945
82.71965,4946
82.73631,4947
82.75298,4948
82.76965,4949
82.78632,4950
82.80299,4951
82.81965,4952
82.83632,4953
82.85299,4954
82.86966,4955
82.88633,4956
82.903,4957
82.91966,4958
82.93633,4959
82.953,4960
82.96967,4961
82.98633,4962
83.003,4963
83.01967,4964
83.03634,4965
83.05301,4966
83.06968,4967
83.08634,4968
83.10301,4969
83.11968,4970
83.13635,4971
83.15301,4972
83.16968,4973
83.18635,4974
83.20302,4975
83.21969,4976
83.23635,4977
83.25302,4978
83.26969,4979
83.28636,4980
83.30303,4981
83.3197,4982
83.33636,4983
83.35303,4984
83.3697,4985
83.38637,4986
83.40303,4987
83.4197,4988
83.43637,4989
83.45304,4990
83.46971,4991
83.48638,4992
83.50304,4993
83.51971,4994
83.53638,4995
83.55305,4996
83.56971,4997
83.58638,4998
83.60305,4999
83.61972,5000
83.63639,5001
83.65306,5002
83.66972,5003
83.68639,5004
83.70306,5005
83.71973,5006
83.7364,5007
83.75306,5008
83.76973,5009
83.7864,5010
83.80307,5011
83.81974,5012
83.8364,5013
83.85307,5014
83.86974,5015
83.88641,5016
83.90308,5017
83.91974,5018
83.93641,5019
83.95308,5020
83.96975,5021
83.98642,5022
84.00308,5023
84.01975,5024
84.03642,5025
84.05309,5026
84.06976,5027
84.08642,5028
84.10309,5029
84.11976,5030
84.13643,5031
84.1531,5032
84.16976,5033
84.18643,5034
84.2031,5035
84.21977,5036
84.23644,5037
84.2531,5038
84.26977,5039
84.28644,5040
84.30311,5041
84.31978,5042
84.33644,5043
84.35311,5044
84.36978,5045
84.38645,5046
84.40312,5047
84.41978,5048
84.43645,5049
84.45312,5050
84.46979,5051
84.48646,5052
84.50312,5053
84.51979,5054
84.53646,5055
84.55313,5056
84.5698,5057
84.58646,5058
84.60313,5059
84.6198,5060
84.63647,5061
84.65314,5062
84.6698,5063
84.68647,5064
84.70314,5065
84.71981,5066
84.73648,5067
84.75314,5068
84.76981,5069
84.78648,5070
84.80315,5071
84.81982,5072
84.83648,5073
84.85315,5074
84.86982,5075
84.88649,5076
84.90316,5077
84.91983,5078
84.93649,5079
84.95316,5080
84.96983,5081
84.9865,5082
85.00316,5083
85.01983,5084
85.0365,5085
85.05317,5086
85.06984,5087
85.0865,5088
85.10317,5089
85.11984,5090
85.13651,5091
85.15318,5092
85.16985,5093
85.18651,5094
85.20318,5095
85.21985,5096
85.23652,5097
85.25318,5098
85.26985,5099
85.28652,5100
85.30319,5101
85.31986,5102
85.33653,5103
85.35319,5104
85.36986,5105
85.38653,5106
85.4032,5107
85.41986,5108
85.43653,5109
85.4532,5110
85.46987,5111
85.48654,5112
85.50321,5113
85.51987,5114
85.53654,5115
85.55321,5116
85.56988,5117
85.58655,5118
85.60321,5119
85.61988,5120
85.63655,5121
85.65322,5122
85.66988,5123
85.68655,5124
85.70322,5125
85.71989,5126
85.73656,5127
85.75323,5128
85.76989,5129
85.78656,5130
85.80323,5131
85.8199,5132
85.83656,5133
85.85323,5134
85.8699,5135
85.88657,5136
85.90324,5137
85.91991,5138
85.93657,5139
85.95324,5140
85.96991,5141
85.98658,5142
86.00324,5143
86.01991,5144
86.03658,5145
86.05325,5146
86.06992,5147
86.08659,5148
86.10325,5149
86.11992,5150
86.13659,5151
86.15326,5152
86.16993,5153
86.18659,5154
86.20326,5155
86.21993,5156
86.2366,5157
86.25327,5158
86.26993,5159
86.2866,5160
86.30327,5161
86.31994,5162
86.33661,5163
86.35327,5164
86.36994,5165
86.38661,5166
86.40328,5167
86.41995,5168
86.43661,5169
86.45328,5170
86.46995,5171
86.48662,5172
86.50329,5173
86.51995,5174
86.53662,5175
86.55329,5176
86.56996,5177
86.58663,5178
86.60329,5179
86.61996,5180
86.63663,5181
86.6533,5182
86.66997,5183
86.68663,5184
86.7033,5185
86.71997,5186
86.73664,5187
86.75331,5188
86.76997,5189
86.78664,5190
86.80331,5191
86.81998,5192
86.83665,5193
86.85331,5194
86.86998,5195
86.88665,5196
86.90332,5197
86.91999,5198
86.93665,5199
86.95332,5200
86.96999,5201
86.98666,5202
87.00333,5203
87.01999,5204
87.03666,5205
87.05333,5206
87.07,5207
87.08667,5208
87.10333,5209
87.12,5210
87.13667,5211
87.15334,5212
87.17001,5213
87.18667,5214
87.20334,5215
87.22001,5216
87.23668,5217
87.25335,5218
87.27001,5219
87.28668,5220
87.30335,5221
87.32002,5222
87.33669,5223
87.35335,5224
87.37002,5225
87.38669,5226
87.40336,5227
87.42003,5228
87.43669,5229
87.45336,5230
87.47003,5231
87.4867,5232
87.50337,5233
87.52003,5234
87.5367,5235
87.55337,5236
87.57004,5237
87.58671,5238
87.60338,5239
87.62004,5240
87.63671,5241
87.65338,5242
87.67005,5243
87.68671,5244
87.70338,5245
87.72005,5246
87.73672,5247
87.75339,5248
87.77006,5249
87.78672,5250
87.80339,5251
87.82006,5252
87.83673,5253
87.85339,5254
87.87006,5255
87.88673,5256
87.9034,5257
87.92007,5258
87.93673,5259
87.9534,5260
87.97007,5261
87.98674,5262
88.00341,5263
88.02008,5264
88.03674,5265
88.05341,5266
88.07008,5267
88.08675,5268
88.10341,5269
88.12008,5270
88.13675,5271
88.15342,5272
88.17009,5273
88.18676,5274
88.20342,5275
88.22009,5276
88.23676,5277
88.25343,5278
88.27009,5279
88.28676,5280
88.30343,5281
88.3201,5282
88.33677,5283
88.35343,5284
88.3701,5285
88.38677,5286
88.40344,5287
88.42011,5288
88.43678,5289
88.45344,5290
88.47011,5291
88.48678,5292
88.50345,5293
88.52011,5294
88.53678,5295
88.55345,5296
88.57012,5297
88.58679,5298
88.60346,5299
88.62012,5300
88.63679,5301
88.65346,5302
88.67013,5303
88.68679,5304
88.70346,5305
88.72013,5306
88.7368,5307
88.75347,5308
88.77014,5309
88.7868,5310
88.80347,5311
88.82014,5312
88.83681,5313
88.85348,5314
88.87014,5315
88.88681,5316
88.90348,5317
88.92015,5318
88.93682,5319
88.95348,5320
88.97015,5321
88.98682,5322
89.00349,5323
89.02016,5324
89.03682,5325
89.05349,5326
89.07016,5327
89.08683,5328
89.1035,5329
89.12016,5330
89.13683,5331
89.1535,5332
89.17017,5333
89.18684,5334
89.2035,5335
89.22017,5336
89.23684,5337
89.25351,5338
89.27018,5339
89.28684,5340
89.30351,5341
89.32018,5342
89.33685,5343
89.35352,5344
89.37018,5345
89.38685,5346
89.40352,5347
89.42019,5348
89.43686,5349
89.45352,5350
89.47019,5351
89.48686,5352
89.50353,5353
89.5202,5354
89.53686,5355
89.55353,5356
89.5702,5357
89.58687,5358
89.60354,5359
89.6202,5360
89.63687,5361
89.65354,5362
89.67021,5363
89.68688,5364
89.70354,5365
89.72021,5366
89.73688,5367
89.75355,5368
89.77022,5369
89.78689,5370
89.80355,5371
89.82022,5372
89.83689,5373
89.85356,5374
89.87022,5375
89.88689,5376
89.90356,5377
89.92023,5378
89.9369,5379
89.95356,5380
89.97023,5381
89.9869,5382
90.00357,5383
90.02024,5384
90.03691,5385
90.05357,5386
90.07024,5387
90.08691,5388
90.10358,5389
90.12024,5390
90.13691,5391
90.15358,5392
90.17025,5393
90.18692,5394
90.20359,5395
90.22025,5396
90.23692,5397
90.25359,5398
90.27026,5399
90.28692,5400
90.30359,5401
90.32026,5402
90.33693,5403
90.3536,5404
90.37026,5405
90.38693,5406
90.4036,5407
90.42027,5408
90.43694,5409
90.45361,5410
90.47027,5411
90.48694,5412
90.50361,5413
90.52028,5414
90.53694,5415
90.55361,5416
90.57028,5417
90.58695,5418
90.60362,5419
90.62029,5420
90.63695,5421
90.65362,5422
90.67029,5423
90.68696,5424
90.70362,5425
90.72029,5426
90.73696,5427
90.75363,5428
90.7703,5429
90.78696,5430
90.80363,5431
90.8203,5432
90.83697,5433
90.85364,5434
90.87031,5435
90.88697,5436
90.90364,5437
90.92031,5438
90.93698,5439
90.95364,5440
90.97031,5441
90.98698,5442
91.00365,5443
91.02032,5444
91.03699,5445
91.05365,5446
91.07032,5447
91.08699,5448
91.10366,5449
91.12032,5450
91.13699,5451
91.15366,5452
91.17033,5453
91.187,5454
91.20367,5455
91.22033,5456
91.237,5457
91.25367,5458
91.27034,5459
91.28701,5460
91.30367,5461
91.32034,5462
91.33701,5463
91.35368,5464
91.37035,5465
91.38701,5466
91.40368,5467
91.42035,5468
91.43702,5469
91.45369,5470
91.47035,5471
91.48702,5472
91.50369,5473
91.52036,5474
91.53703,5475
91.55369,5476
91.57036,5477
91.58703,5478
91.6037,5479
91.62037,5480
91.63703,5481
91.6537,5482
91.67037,5483
91.68704,5484
91.70371,5485
91.72037,5486
91.73704,5487
91.75371,5488
91.77038,5489
91.78705,5490
91.80371,5491
91.82038,5492
91.83705,5493
91.85372,5494
91.87039,5495
91.88705,5496
91.90372,5497
91.92039,5498
91.93706,5499
91.95373,5500
91.97039,5501
91.98706,5502
92.00373,5503
92.0204,5504
92.03707,5505
92.05373,5506
92.0704,5507
92.08707,5508
92.10374,5509
92.12041,5510
92.13707,5511
92.15374,5512
92.17041,5513
92.18708,5514
92.20375,5515
92.22041,5516
92.23708,5517
92.25375,5518
92.27042,5519
92.28709,5520
92.30375,5521
92.32042,5522
92.33709,5523
92.35376,5524
92.37043,5525
92.38709,5526
92.40376,5527
92.42043,5528
92.4371,5529
92.45377,5530
92.47044,5531
92.4871,5532
92.50377,5533
92.52044,5534
92.53711,5535
92.55377,5536
92.57044,5537
92.58711,5538
92.60378,5539
92.62045,5540
92.63711,5541
92.65378,5542
92.67045,5543
92.68712,5544
92.70379,5545
92.72046,5546
92.73712,5547
92.75379,5548
92.77046,5549
92.78713,5550
92.80379,5551
92.82046,5552
92.83713,5553
92.8538,5554
92.87047,5555
92.88714,5556
92.9038,5557
92.92047,5558
92.93714,5559
92.95381,5560
92.97047,5561
92.98714,5562
93.00381,5563
93.02048,5564
93.03715,5565
93.05382,5566
93.07048,5567
93.08715,5568
93.10382,5569
93.12049,5570
93.13716,5571
93.15382,5572
93.17049,5573
93.18716,5574
93.20383,5575
93.22049,5576
93.23716,5577
93.25383,5578
93.2705,5579
93.28717,5580
93.30384,5581
93.3205,5582
93.33717,5583
93.35384,5584
93.37051,5585
93.38717,5586
93.40384,5587
93.42051,5588
93.43718,5589
93.45385,5590
93.47052,5591
93.48718,5592
93.50385,5593
93.52052,5594
93.53719,5595
93.55386,5596
93.57052,5597
93.58719,5598
93.60386,5599
93.62053,5600
93.6372,5601
93.65386,5602
93.67053,5603
93.6872,5604
93.70387,5605
93.72054,5606
93.7372,5607
93.75387,5608
93.77054,5609
93.78721,5610
93.80388,5611
93.82054,5612
93.83721,5613
93.85388,5614
93.87055,5615
93.88722,5616
93.90388,5617
93.92055,5618
93.93722,5619
93.95389,5620
93.97056,5621
93.98722,5622
94.00389,5623
94.02056,5624
94.03723,5625
94.0539,5626
94.07056,5627
94.08723,5628
94.1039,5629
94.12057,5630
94.13724,5631
94.1539,5632
94.17057,5633
94.18724,5634
94.20391,5635
94.22058,5636
94.23724,5637
94.25391,5638
94.27058,5639
94.28725,5640
94.30392,5641
94.32058,5642
94.33725,5643
94.35392,5644
94.37059,5645
94.38726,5646
94.40392,5647
94.42059,5648
94.43726,5649
94.45393,5650
94.4706,5651
94.48726,5652
94.50393,5653
94.5206,5654
94.53727,5655
94.55394,5656
94.5706,5657
94.58727,5658
94.60394,5659
94.62061,5660
94.63728,5661
94.65394,5662
94.67061,5663
94.68728,5664
94.70395,5665
94.72062,5666
94.73729,5667
94.75395,5668
94.77062,5669
94.78729,5670
94.80396,5671
94.82062,5672
94.83729,5673
94.85396,5674
94.87063,5675
94.8873,5676
94.90396,5677
94.92063,5678
94.9373,5679
94.95397,5680
94.97064,5681
94.9873,5682
95.00397,5683
95.02064,5684
95.03731,5685
95.05398,5686
95.07064,5687
95.08731,5688
95.10398,5689
95.12065,5690
95.13732,5691
95.15399,5692
95.17065,5693
95.18732,5694
95.20399,5695
95.22066,5696
95.23732,5697
95.25399,5698
95.27066,5699
95.28733,5700
95.304,5701
95.32067,5702
95.33733,5703
95.354,5704
95.37067,5705
95.38734,5706
95.404,5707
95.42067,5708
95.43734,5709
95.45401,5710
95.47068,5711
95.48734,5712
95.50401,5713
95.52068,5714
95.53735,5715
95.55402,5716
95.57069,5717
95.58735,5718
95.60402,5719
95.62069,5720
95.63736,5721
95.65402,5722
95.67069,5723
95.68736,5724
95.70403,5725
95.7207,5726
95.73737,5727
95.75403,5728
95.7707,5729
95.78737,5730
95.80404,5731
95.8207,5732
95.83737,5733
95.85404,5734
95.87071,5735
95.88738,5736
95.90404,5737
95.92071,5738
95.93738,5739
95.95405,5740
95.97072,5741
95.98739,5742
96.00405,5743
96.02072,5744
96.03739,5745
96.05406,5746
96.07073,5747
96.08739,5748
96.10406,5749
96.12073,5750
96.1374,5751
96.15407,5752
96.17073,5753
96.1874,5754
96.20407,5755
96.22074,5756
96.23741,5757
96.25407,5758
96.27074,5759
96.28741,5760
96.30408,5761
96.32075,5762
96.33741,5763
96.35408,5764
96.37075,5765
96.38742,5766
96.40409,5767
96.42075,5768
96.43742,5769
96.45409,5770
96.47076,5771
96.48743,5772
96.50409,5773
96.52076,5774
96.53743,5775
96.5541,5776
96.57077,5777
96.58743,5778
96.6041,5779
96.62077,5780
96.63744,5781
96.65411,5782
96.67077,5783
96.68744,5784
96.70411,5785
96.72078,5786
96.73745,5787
96.75411,5788
96.77078,5789
96.78745,5790
96.80412,5791
96.82079,5792
96.83745,5793
96.85412,5794
96.87079,5795
96.88746,5796
96.90413,5797
96.92079,5798
96.93746,5799
96.95413,5800
96.9708,5801
96.98747,5802
97.00413,5803
97.0208,5804
97.03747,5805
97.05414,5806
97.07081,5807
97.08747,5808
97.10414,5809
97.12081,5810
97.13748,5811
97.15415,5812
97.17081,5813
97.18748,5814
97.20415,5815
97.22082,5816
97.23749,5817
97.25415,5818
97.27082,5819
97.28749,5820
97.30416,5821
97.32083,5822
97.33749,5823
97.35416,5824
97.37083,5825
97.3875,5826
97.40417,5827
97.42084,5828
97.4375,5829
97.45417,5830
97.47084,5831
97.48751,5832
97.50417,5833
97.52084,5834
97.53751,5835
97.55418,5836
97.57085,5837
97.58752,5838
97.60418,5839
97.62085,5840
97.63752,5841
97.65419,5842
97.67085,5843
97.68752,5844
97.70419,5845
97.72086,5846
97.73753,5847
97.7542,5848
97.77086,5849
97.78753,5850
97.8042,5851
97.82087,5852
97.83754,5853
97.8542,5854
97.87087,5855
97.88754,5856
97.90421,5857
97.92087,5858
97.93754,5859
97.95421,5860
97.97088,5861
97.98755,5862
98.00422,5863
98.02088,5864
98.03755,5865
98.05422,5866
98.07089,5867
98.08755,5868
98.10422,5869
98.12089,5870
98.13756,5871
98.15423,5872
98.1709,5873
98.18756,5874
98.20423,5875
98.2209,5876
98.23757,5877
98.25423,5878
98.2709,5879
98.28757,5880
98.30424,5881
98.32091,5882
98.33757,5883
98.35424,5884
98.37091,5885
98.38758,5886
98.40425,5887
98.42092,5888
98.43758,5889
98.45425,5890
98.47092,5891
98.48759,5892
98.50425,5893
98.52092,5894
98.53759,5895
98.55426,5896
98.57093,5897
98.5876,5898
98.60426,5899
98.62093,5900
98.6376,5901
98.65427,5902
98.67094,5903
98.6876,5904
98.70427,5905
98.72094,5906
98.73761,5907
98.75428,5908
98.77094,5909
98.78761,5910
98.80428,5911
98.82095,5912
98.83762,5913
98.85428,5914
98.87095,5915
98.88762,5916
98.90429,5917
98.92096,5918
98.93762,5919
98.95429,5920
98.97096,5921
98.98763,5922
99.0043,5923
99.02096,5924
99.03763,5925
99.0543,5926
99.07097,5927
99.08764,5928
99.1043,5929
99.12097,5930
99.13764,5931
99.15431,5932
99.17098,5933
99.18764,5934
99.20431,5935
99.22098,5936
99.23765,5937
99.25432,5938
99.27098,5939
99.28765,5940
99.30432,5941
99.32099,5942
99.33766,5943
99.35432,5944
99.37099,5945
99.38766,5946
99.40433,5947
99.421,5948
99.43766,5949
99.45433,5950
99.471,5951
99.48767,5952
99.50434,5953
99.521,5954
99.53767,5955
99.55434,5956
99.57101,5957
99.58768,5958
99.60434,5959
99.62101,5960
99.63768,5961
99.65435,5962
99.67102,5963
99.68768,5964
99.70435,5965
99.72102,5966
99.73769,5967
99.75436,5968
99.77102,5969
99.78769,5970
99.80436,5971
99.82103,5972
99.8377,5973
99.85437,5974
99.87103,5975
99.8877,5976
99.90437,5977
99.92104,5978
99.9377,5979
99.95437,5980
99.97104,5981
99.98771,5982
100.0044,5983
100.021,5984
100.0377,5985
100.0544,5986
100.071,5987
100.0877,5988
100.1044,5989
100.1211,5990
100.1377,5991
100.1544,5992
100.1711,5993
100.1877,5994
100.2044,5995
100.2211,5996
100.2377,5997
100.2544,5998
100.2711,5999
100.2877,6000
100.3044,6001
100.3211,6002
100.3377,6003
100.3544,6004
100.3711,6005
100.3877,6006
100.4044,6007
100.4211,6008
100.4377,6009
100.4544,6010
100.4711,6011
100.4877,6012
100.5044,6013
100.5211,6014
100.5378,6015
100.5544,6016
100.5711,6017
100.5878,6018
100.6044,6019
100.6211,6020
100.6378,6021
100.6544,6022
100.6711,6023
100.6878,6024
100.7044,6025
100.7211,6026
100.7378,6027
100.7544,6028
100.7711,6029
100.7878,6030
100.8044,6031
100.8211,6032
100.8378,6033
100.8544,6034
100.8711,6035
100.8878,6036
100.9044,6037
100.9211,6038
100.9378,6039
100.9545,6040
100.9711,6041
100.9878,6042
101.0045,6043
101.0211,6044
101.0378,6045
101.0545,6046
101.0711,6047
101.0878,6048
101.1045,6049
101.1211,6050
101.1378,6051
101.1545,6052
101.1711,6053
101.1878,6054
101.2045,6055
101.2211,6056
101.2378,6057
101.2545,6058
101.2711,6059
101.2878,6060
101.3045,6061
101.3211,6062
101.3378,6063
101.3545,6064
101.3712,6065
101.3878,6066
101.4045,6067
101.4212,6068
101.4378,6069
101.4545,6070
101.4712,6071
101.4878,6072
101.5045,6073
101.5212,6074
101.5378,6075
101.5545,6076
101.5712,6077
101.5878,6078
101.6045,6079
101.6212,6080
101.6378,6081
101.6545,6082
101.6712,6083
101.6878,6084
101.7045,6085
101.7212,6086
101.7379,6087
101.7545,6088
101.7712,6089
101.7879,6090
101.8045,6091
101.8212,6092
101.8379,6093
101.8545,6094
101.8712,6095
101.8879,6096
101.9045,6097
101.9212,6098
101.9379,6099
101.9545,6100
101.9712,6101
101.9879,6102
102.0045,6103
102.0212,6104
102.0379,6105
102.0545,6106
102.0712,6107
102.0879,6108
102.1045,6109
102.1212,6110
102.1379,6111
102.1546,6112
102.1712,6113
102.1879,6114
102.2046,6115
102.2212,6116
102.2379,6117
102.2546,6118
102.2712,6119
102.2879,6120
102.3046,6121
102.3212,6122
102.3379,6123
102.3546,6124
102.3712,6125
102.3879,6126
102.4046,6127
102.4212,6128
102.4379,6129
102.4546,6130
102.4712,6131
102.4879,6132
102.5046,6133
102.5212,6134
102.5379,6135
102.5546,6136
102.5713,6137
102.5879,6138
102.6046,6139
102.6213,6140
102.6379,6141
102.6546,6142
102.6713,6143
102.6879,6144
102.7046,6145
102.7213,6146
102.7379,6147
102.7546,6148
102.7713,6149
102.7879,6150
102.8046,6151
102.8213,6152
102.8379,6153
102.8546,6154
102.8713,6155
102.8879,6156
102.9046,6157
102.9213,6158
102.9379,6159
102.9546,6160
102.9713,6161
102.988,6162
103.0046,6163
103.0213,6164
103.038,6165
103.0546,6166
103.0713,6167
103.088,6168
103.1046,6169
103.1213,6170
103.138,6171
103.1546,6172
103.1713,6173
103.188,6174
103.2046,6175
103.2213,6176
103.238,6177
103.2546,6178
103.2713,6179
103.288,6180
103.3046,6181
103.3213,6182
103.338,6183
103.3546,6184
103.3713,6185
103.388,6186
103.4047,6187
103.4213,6188
103.438,6189
103.4547,6190
103.4713,6191
103.488,6192
103.5047,6193
103.5213,6194
103.538,6195
103.5547,6196
103.5713,6197
103.588,6198
103.6047,6199
103.6213,6200
103.638,6201
103.6547,6202
103.6713,6203
103.688,6204
103.7047,6205
103.7213,6206
103.738,6207
103.7547,6208
103.7713,6209
103.788,6210
103.8047,6211
103.8214,6212
103.838,6213
103.8547,6214
103.8714,6215
103.888,6216
103.9047,6217
103.9214,6218
103.938,6219
103.9547,6220
103.9714,6221
103.988,6222
104.0047,6223
104.0214,6224
104.038,6225
104.0547,6226
104.0714,6227
104.088,6228
104.1047,6229
104.1214,6230
104.138,6231
104.1547,6232
104.1714,6233
104.188,6234
104.2047,6235
104.2214,6236
104.2381,6237
104.2547,6238
104.2714,6239
104.2881,6240
104.3047,6241
104.3214,6242
104.3381,6243
104.3547,6244
104.3714,6245
104.3881,6246
104.4047,6247
104.4214,6248
104.4381,6249
104.4547,6250
104.4714,6251
104.4881,6252
104.5047,6253
104.5214,6254
104.5381,6255
104.5547,6256
104.5714,6257
104.5881,6258
104.6047,6259
104.6214,6260
104.6381,6261
104.6548,6262
104.6714,6263
104.6881,6264
104.7048,6265
104.7214,6266
104.7381,6267
104.7548,6268
104.7714,6269
104.7881,6270
104.8048,6271
104.8214,6272
104.8381,6273
104.8548,6274
104.8714,6275
104.8881,6276
104.9048,6277
104.9214,6278
104.9381,6279
104.9548,6280
104.9714,6281
104.9881,6282
105.0048,6283
105.0214,6284
105.0381,6285
105.0548,6286
105.0715,6287
105.0881,6288
105.1048,6289
105.1215,6290
105.1381,6291
105.1548,6292
105.1715,6293
105.1881,6294
105.2048,6295
105.2215,6296
105.2381,6297
105.2548,6298
105.2715,6299
105.2881,6300
105.3048,6301
105.3215,6302
105.3381,6303
105.3548,6304
105.3715,6305
105.3881,6306
105.4048,6307
105.4215,6308
105.4381,6309
105.4548,6310
105.4715,6311
105.4882,6312
105.5048,6313
105.5215,6314
105.5382,6315
105.5548,6316
105.5715,6317
105.5882,6318
105.6048,6319
105.6215,6320
105.6382,6321
105.6548,6322
105.6715,6323
105.6882,6324
105.7048,6325
105.7215,6326
105.7382,6327
105.7548,6328
105.7715,6329
105.7882,6330
105.8048,6331
105.8215,6332
105.8382,6333
105.8549,6334
105.8715,6335
105.8882,6336
105.9049,6337
105.9215,6338
105.9382,6339
105.9549,6340
105.9715,6341
105.9882,6342
106.0049,6343
106.0215,6344
106.0382,6345
106.0549,6346
106.0715,6347
106.0882,6348
106.1049,6349
106.1215,6350
106.1382,6351
106.1549,6352
106.1715,6353
106.1882,6354
106.2049,6355
106.2215,6356
106.2382,6357
106.2549,6358
106.2716,6359
106.2882,6360
106.3049,6361
106.3216,6362
106.3382,6363
106.3549,6364
106.3716,6365
106.3882,6366
106.4049,6367
106.4216,6368
106.4382,6369
106.4549,6370
106.4716,6371
106.4882,6372
106.5049,6373
106.5216,6374
106.5382,6375
106.5549,6376
106.5716,6377
106.5882,6378
106.6049,6379
106.6216,6380
106.6382,6381
106.6549,6382
106.6716,6383
106.6883,6384
106.7049,6385
106.7216,6386
106.7383,6387
106.7549,6388
106.7716,6389
106.7883,6390
106.8049,6391
106.8216,6392
106.8383,6393
106.8549,6394
106.8716,6395
106.8883,6396
106.9049,6397
106.9216,6398
106.9383,6399
106.9549,6400
106.9716,6401
106.9883,6402
107.0049,6403
107.0216,6404
107.0383,6405
107.0549,6406
107.0716,6407
107.0883,6408
107.105,6409
107.1216,6410
107.1383,6411
107.155,6412
107.1716,6413
107.1883,6414
107.205,6415
107.2216,6416
107.2383,6417
107.255,6418
107.2716,6419
107.2883,6420
107.305,6421
107.3216,6422
107.3383,6423
107.355,6424
107.3716,6425
107.3883,6426
107.405,6427
107.4216,6428
107.4383,6429
107.455,6430
107.4716,6431
107.4883,6432
107.505,6433
107.5217,6434
107.5383,6435
107.555,6436
107.5717,6437
107.5883,6438
107.605,6439
107.6217,6440
107.6383,6441
107.655,6442
107.6717,6443
107.6883,6444
107.705,6445
107.7217,6446
107.7383,6447
107.755,6448
107.7717,6449
107.7883,6450
107.805,6451
107.8217,6452
107.8383,6453
107.855,6454
107.8717,6455
107.8883,6456
107.905,6457
107.9217,6458
107.9384,6459
107.955,6460
107.9717,6461
107.9884,6462
108.005,6463
108.0217,6464
108.0384,6465
108.055,6466
108.0717,6467
108.0884,6468
108.105,6469
108.1217,6470
108.1384,6471
108.155,6472
108.1717,6473
108.1884,6474
108.205,6475
108.2217,6476
108.2384,6477
108.255,6478
108.2717,6479
108.2884,6480
108.305,6481
108.3217,6482
108.3384,6483
108.3551,6484
108.3717,6485
108.3884,6486
108.4051,6487
108.4217,6488
108.4384,6489
108.4551,6490
108.4717,6491
108.4884,6492
108.5051,6493
108.5217,6494
108.5384,6495
108.5551,6496
108.5717,6497
108.5884,6498
108.6051,6499
108.6217,6500
108.6384,6501
108.6551,6502
108.6717,6503
108.6884,6504
108.7051,6505
108.7217,6506
108.7384,6507
108.7551,6508
108.7718,6509
108.7884,6510
108.8051,6511
108.8218,6512
108.8384,6513
108.8551,6514
108.8718,6515
108.8884,6516
108.9051,6517
108.9218,6518
108.9384,6519
108.9551,6520
108.9718,6521
108.9884,6522
109.0051,6523
109.0218,6524
109.0384,6525
109.0551,6526
109.0718,6527
109.0884,6528
109.1051,6529
109.1218,6530
109.1384,6531
109.1551,6532
109.1718,6533
109.1885,6534
109.2051,6535
109.2218,6536
109.2385,6537
109.2551,6538
109.2718,6539
109.2885,6540
109.3051,6541
109.3218,6542
109.3385,6543
109.3551,6544
109.3718,6545
109.3885,6546
109.4051,6547
109.4218,6548
109.4385,6549
109.4551,6550
109.4718,6551
109.4885,6552
109.5051,6553
109.5218,6554
109.5385,6555
109.5551,6556
109.5718,6557
109.5885,6558
109.6052,6559
109.6218,6560
109.6385,6561
109.6552,6562
109.6718,6563
109.6885,6564
109.7052,6565
109.7218,6566
109.7385,6567
109.7552,6568
109.7718,6569
109.7885,6570
109.8052,6571
109.8218,6572
109.8385,6573
109.8552,6574
109.8718,6575
109.8885,6576
109.9052,6577
109.9218,6578
109.9385,6579
109.9552,6580
109.9718,6581
109.9885,6582
110.0052,6583
110.0219,6584
110.0385,6585
110.0552,6586
110.0719,6587
110.0885,6588
110.1052,6589
110.1219,6590
110.1385,6591
110.1552,6592
110.1719,6593
110.1885,6594
110.2052,6595
110.2219,6596
110.2385,6597
110.2552,6598
110.2719,6599
110.2885,6600
110.3052,6601
110.3219,6602
110.3385,6603
110.3552,6604
110.3719,6605
110.3885,6606
110.4052,6607
110.4219,6608
110.4386,6609
110.4552,6610
110.4719,6611
110.4886,6612
110.5052,6613
110.5219,6614
110.5386,6615
110.5552,6616
110.5719,6617
110.5886,6618
110.6052,6619
110.6219,6620
110.6386,6621
110.6552,6622
110.6719,6623
110.6886,6624
110.7052,6625
110.7219,6626
110.7386,6627
110.7552,6628
110.7719,6629
110.7886,6630
110.8052,6631
110.8219,6632
110.8386,6633
110.8553,6634
110.8719,6635
110.8886,6636
110.9053,6637
110.9219,6638
110.9386,6639
110.9553,6640
110.9719,6641
110.9886,6642
111.0053,6643
111.0219,6644
111.0386,6645
111.0553,6646
111.0719,6647
111.0886,6648
111.1053,6649
111.1219,6650
111.1386,6651
111.1553,6652
111.1719,6653
111.1886,6654
111.2053,6655
111.2219,6656
111.2386,6657
111.2553,6658
111.272,6659
111.2886,6660
111.3053,6661
111.322,6662
111.3386,6663
111.3553,6664
111.372,6665
111.3886,6666
111.4053,6667
111.422,6668
111.4386,6669
111.4553,6670
111.472,6671
111.4886,6672
111.5053,6673
111.522,6674
111.5386,6675
111.5553,6676
111.572,6677
111.5886,6678
111.6053,6679
111.622,6680
111.6386,6681
111.6553,6682
111.672,6683
111.6887,6684
111.7053,6685
111.722,6686
111.7387,6687
111.7553,6688
111.772,6689
111.7887,6690
111.8053,6691
111.822,6692
111.8387,6693
111.8553,6694
111.872,6695
111.8887,6696
111.9053,6697
111.922,6698
111.9387,6699
111.9553,6700
111.972,6701
111.9887,6702
112.0053,6703
112.022,6704
112.0387,6705
112.0554,6706
112.072,6707
112.0887,6708
112.1054,6709
112.122,6710
112.1387,6711
112.1554,6712
112.172,6713
112.1887,6714
112.2054,6715
112.222,6716
112.2387,6717
112.2554,6718
112.272,6719
112.2887,6720
112.3054,6721
112.322,6722
112.3387,6723
112.3554,6724
112.372,6725
112.3887,6726
112.4054,6727
112.422,6728
112.4387,6729
112.4554,6730
112.4721,6731
112.4887,6732
112.5054,6733
112.5221,6734
112.5387,6735
112.5554,6736
112.5721,6737
112.5887,6738
112.6054,6739
112.6221,6740
112.6387,6741
112.6554,6742
112.6721,6743
112.6887,6744
112.7054,6745
112.7221,6746
112.7387,6747
112.7554,6748
112.7721,6749
112.7887,6750
112.8054,6751
112.8221,6752
112.8387,6753
112.8554,6754
112.8721,6755
112.8888,6756
112.9054,6757
112.9221,6758
112.9388,6759
112.9554,6760
112.9721,6761
112.9888,6762
113.0054,6763
113.0221,6764
113.0388,6765
113.0554,6766
113.0721,6767
113.0888,6768
113.1054,6769
113.1221,6770
113.1388,6771
113.1554,6772
113.1721,6773
113.1888,6774
113.2054,6775
113.2221,6776
113.2388,6777
113.2554,6778
113.2721,6779
113.2888,6780
113.3055,6781
113.3221,6782
113.3388,6783
113.3555,6784
113.3721,6785
113.3888,6786
113.4055,6787
113.4221,6788
113.4388,6789
113.4555,6790
113.4721,6791
113.4888,6792
113.5055,6793
113.5221,6794
113.5388,6795
113.5555,6796
113.5721,6797
113.5888,6798
113.6055,6799
113.6221,6800
113.6388,6801
113.6555,6802
113.6721,6803
113.6888,6804
113.7055,6805
113.7222,6806
113.7388,6807
113.7555,6808
113.7722,6809
113.7888,6810
113.8055,6811
113.8222,6812
113.8388,6813
113.8555,6814
113.8722,6815
113.8888,6816
113.9055,6817
113.9222,6818
113.9388,6819
113.9555,6820
113.9722,6821
113.9888,6822
114.0055,6823
114.0222,6824
114.0388,6825
114.0555,6826
114.0722,6827
114.0888,6828
114.1055,6829
114.1222,6830
114.1389,6831
114.1555,6832
114.1722,6833
114.1889,6834
114.2055,6835
114.2222,6836
114.2389,6837
114.2555,6838
114.2722,6839
114.2889,6840
114.3055,6841
114.3222,6842
114.3389,6843
114.3555,6844
114.3722,6845
114.3889,6846
114.4055,6847
114.4222,6848
114.4389,6849
114.4555,6850
114.4722,6851
114.4889,6852
114.5055,6853
114.5222,6854
114.5389,6855
114.5556,6856
114.5722,6857
114.5889,6858
114.6056,6859
114.6222,6860
114.6389,6861
114.6556,6862
114.6722,6863
114.6889,6864
114.7056,6865
114.7222,6866
114.7389,6867
114.7556,6868
114.7722,6869
114.7889,6870
114.8056,6871
114.8222,6872
114.8389,6873
114.8556,6874
114.8722,6875
114.8889,6876
114.9056,6877
114.9222,6878
114.9389,6879
114.9556,6880
114.9723,6881
114.9889,6882
115.0056,6883
115.0223,6884
115.0389,6885
115.0556,6886
115.0723,6887
115.0889,6888
115.1056,6889
115.1223,6890
115.1389,6891
115.1556,6892
115.1723,6893
115.1889,6894
115.2056,6895
115.2223,6896
115.2389,6897
115.2556,6898
115.2723,6899
115.2889,6900
115.3056,6901
115.3223,6902
115.3389,6903
115.3556,6904
115.3723,6905
115.389,6906
115.4056,6907
115.4223,6908
115.439,6909
115.4556,6910
115.4723,6911
115.489,6912
115.5056,6913
115.5223,6914
115.539,6915
115.5556,6916
115.5723,6917
115.589,6918
115.6056,6919
115.6223,6920
115.639,6921
115.6556,6922
115.6723,6923
115.689,6924
115.7056,6925
115.7223,6926
115.739,6927
115.7556,6928
115.7723,6929
115.789,6930
115.8057,6931
115.8223,6932
115.839,6933
115.8557,6934
115.8723,6935
115.889,6936
115.9057,6937
115.9223,6938
115.939,6939
115.9557,6940
115.9723,6941
115.989,6942
116.0057,6943
116.0223,6944
116.039,6945
116.0557,6946
116.0723,6947
116.089,6948
116.1057,6949
116.1223,6950
116.139,6951
116.1557,6952
116.1723,6953
116.189,6954
116.2057,6955
116.2224,6956
116.239,6957
116.2557,6958
116.2724,6959
116.289,6960
116.3057,6961
116.3224,6962
116.339,6963
116.3557,6964
116.3724,6965
116.389,6966
116.4057,6967
116.4224,6968
116.439,6969
116.4557,6970
116.4724,6971
116.489,6972
116.5057,6973
116.5224,6974
116.539,6975
116.5557,6976
116.5724,6977
116.589,6978
116.6057,6979
116.6224,6980
116.6391,6981
116.6557,6982
116.6724,6983
116.6891,6984
116.7057,6985
116.7224,6986
116.7391,6987
116.7557,6988
116.7724,6989
116.7891,6990
116.8057,6991
116.8224,6992
116.8391,6993
116.8557,6994
116.8724,6995
116.8891,6996
116.9057,6997
116.9224,6998
116.9391,6999
116.9557,7000
116.9724,7001
116.9891,7002
117.0057,7003
117.0224,7004
117.0391,7005
117.0558,7006
117.0724,7007
117.0891,7008
117.1058,7009
117.1224,7010
117.1391,7011
117.1558,7012
117.1724,7013
117.1891,7014
117.2058,7015
117.2224,7016
117.2391,7017
117.2558,7018
117.2724,7019
117.2891,7020
117.3058,7021
117.3224,7022
117.3391,7023
